title,description,n_reviews,stars_avg,price_range,facilities,street,opening_hours,phone_number,featured_reviews,extra_content
Bar Plaza Gran V√≠a,,709,"4,0",1-10‚Ç¨,,"Gran V√≠a de Don Diego L√≥pez de Haro, 81, Abando, 48011 Bilbo, Bizkaia","{'mi√©rcoles': ['7:30‚Äì22:30'], 'jueves': ['7:30‚Äì22:30'], 'viernes': ['7:30‚Äì23:30'], 's√°bado': ['8:30‚Äì23:30'], 'domingo': ['9:00‚Äì22:30'], 'lunes': ['7:30‚Äì22:30'], 'martes': ['7:30‚Äì22:30']}",,"['He pedido un mosto y un pintxo de tortilla, el camarero me ha dicho que solo las bebidas y no me ha servido el pintxo de tortilla.‚Ä¶M√°s', 'Est√°bamos en el hotel de al lado.Fantastico sitio para desayunar y tomar algo.Sitio tranquilo.\nAtenci√≥n muy buena .‚Ä¶M√°s', 'Posiblemente el peor pintxo de tortilla de Bilbao. No solo por el tama√±o, que va menguando hasta parecer un bocadito de tortilla, sino especialmente por el‚Ä¶M√°s']",[]
Monterrey,,552,"4,2",1-10‚Ç¨,,"Gran V√≠a de Don Diego L√≥pez de Haro, 6, Abando, 48001 Bilbo, Bizkaia","{'mi√©rcoles': ['8:30‚Äì21:00'], 'jueves': ['8:30‚Äì21:00'], 'viernes': ['8:30‚Äì21:00'], 's√°bado': ['9:30‚Äì21:00'], 'domingo': ['Cerrado'], 'lunes': ['8:30‚Äì21:00'], 'martes': ['8:30‚Äì21:00']}",,"['Siempre voy con mi ama. Es un sitio emblema de Bilbao junto a la salida de metro de Abando. Me encanta el estilo cl√°sico del local. La comida es un 10, ideal‚Ä¶M√°s', 'Me han cobrado 20 c√©ntimos por el hielo. Un cortado 1,90 y el cortado con hielo 2,10.Me parece un abuso, por lo dem√°s el servicio muy bien. Me encanta este sitio de todas la vid‚Ä¶M√°s', 'Desayunamos ah√≠ por casualidad y fue genial. El bocadillo de tortilla de chorizo estaba buen√≠simo, el caf√© estaba muy bueno y luego pedimos un caldo que estaba muy bueno .‚Ä¶M√°s']","['En el restaurante Monterrey Bilbao ofrecemos la mejor cocina vasca desde 1952. Nos hemos especializado en platos de temporada como alcachofas perretxikos...', 'El restaurante Monterrey est√° puntuado por los viajeros de Tripadvisor seg√∫n las categor√≠as siguientes: Comida: 4; Servicio: 3.5; Calidad/precio: 3.5; Atm√≥sfera...', 'En el restaurante Monterrey Bilbao ofrecen la mejor cocina vasca desde 1952. Un lugar de encuentro para todos aquellos que quieren disfrutar de una buena.']"
Baden Baden,Desayunos almuerzos de bistr√≥ filetes vino y pinchos en un caf√©‚Äëbar moderno y refinado.,17000,"4,0",20-30‚Ç¨,,,{},,"['Comida incre√≠ble a parte de la rapidez y buena atenci√≥n.\nMenci√≥n especial a la crema de verdura que comimos (de la cual adjunto‚Ä¶M√°s', 'Bonito comedor en el que ofrecen men√∫ del d√≠a (incluso en fines de semana) y men√∫ y carta sin gluten. El camarero fue muy amable explicando lo que pod√≠a comer y‚Ä¶M√°s', 'Men√∫ fin de semana. Las mesas demasiado pegadas. La comida bastante bien . Sopa de pescado con buen sabor. La lubina de raci√≥n bien hecha. La carne decente. Las‚Ä¶M√°s']","['Restaurante BADEN BADEN en Bilbao ¬∑ Restaurante cl√°sico bilba√≠no ¬∑ Haz tu reserva llamando al 944 425 055.', 'El restaurante Baden Baden est√° puntuado por los viajeros de Tripadvisor seg√∫n las categor√≠as siguientes: Comida: 3; Servicio: 4; Calidad/precio: 3.5; Atm√≥sfera...', 'BADEN -BADEN Bilbao Spain. 604 likes ¬∑ 458 were here. Men√∫ del d√≠acartaplatos combinados....']"
La Kedada Bilbao,Bar restaurante de un hotel moderno y de paredes blancas que sirve pinchos espa√±oles reposter√≠a y c√≥cteles.,54,"4,0",,,,"{'mi√©rcoles': ['19:00‚Äì23:00'], 'jueves': ['19:00‚Äì23:00'], 'viernes': ['19:00‚Äì23:00'], 's√°bado': ['19:00‚Äì23:00'], 'domingo': ['19:00‚Äì23:00'], 'lunes': ['19:00‚Äì23:00'], 'martes': ['19:00‚Äì23:00']}",,"['La comida esta rica lo que pasa que algunos platos no se corresponden con la carta(pone focaccia pollo bacon queso y tiene aceitunas negras x ejemplo,ped√≠‚Ä¶M√°s', 'Buen ambiente y buen local, almorzamos y desayunamos, pero es flojito como cafeter√≠a de un hotel de 3* y caro para el producto que ofrece.‚Ä¶M√°s', '‚Äú\nEl otro d√≠a fuimos a comer un grupo de amigos , un total de 30 personas, y nos‚Ä¶M√°s']","['El restaurante Bar Restaurante La Kedada est√° puntuado por los viajeros de Tripadvisor seg√∫n las categor√≠as siguientes: Comida: 4.5; Servicio: 4.5; Calidad/...', 'La Kedada Bilbao Bilbao. 387 Me gusta ¬∑ 34 personas han estado aqu√≠. LAKEDADA  cocina de vanguardia con una ubicaci√≥n privilegiada en el centro de...', '523 Followers 209 Following 576 Posts - See Instagram photos and videos from La Kedada Bilbao @lakedada']"
Everest Bi,,433,"3,9",30-40‚Ç¨,,"Gran V√≠a de Don Diego L√≥pez de Haro, 78, Abando, 48009 Bilbo, Bizkaia","{'mi√©rcoles': ['10:00‚Äì24:00'], 'jueves': ['10:00‚Äì24:00'], 'viernes': ['10:00‚Äì24:00'], 's√°bado': ['11:00‚Äì1:00'], 'domingo': ['11:00‚Äì18:00'], 'lunes': ['Cerrado'], 'martes': ['10:00‚Äì24:00']}",,"['Pasamos de comer un pincho en la barra a una mesa, que nos hab√≠an dicho que no hab√≠a.‚Ä¶M√°s', '@everest gran via bilbao enfrente del nh villa bilbao menuda sorpresa tan agradable extraordinario srrnvio de esteban liderado por el gran Tom√°s tienen una‚Ä¶M√°s', 'No nos han querido servir por que se supon√≠a que ‚Äúcerraban enseguida‚Äù la terraza estaba llena, adem√°s con una actitud algo racista. Una pena porque el bar tenia buena pinta, ma‚Ä¶M√°s']","['Gran V√≠a 78. C.P. 48011. Bilbao. CONTACTO. Tel√©fonos: 944 679 185 ‚Äì 689 423 239 info@restauranteeverestbi.com. AVISO LEGAL.', 'El restaurante Everest Bi est√° puntuado por los viajeros de Tripadvisor seg√∫n las categor√≠as siguientes: Comida: 4; Servicio: 3.5; Calidad/precio: 3.5...', 'Everest Bi Bilbao. 425 Me gusta ¬∑ 94 personas han estado aqu√≠. Asador restaurante especializado en pescados y carnes a la brasa. Carne de buey y vaca...']"
RITA GRILL,,539,"4,2",10-20‚Ç¨,,"Gran V√≠a de Don Diego L√≥pez de Haro, 66, Abando, 48009 Bilbo, Bizkaia",{},,"['Es la primera vez que vamos y nos ha sorprendido. Es un lugar muy bonito y tranquilo. Decoraci√≥n estupenda y muy buen servicio. La cena excelente, super√≥ las‚Ä¶M√°s', 'Fuimos a almorzar. El lugar est√° muy bien puesto pero es extremadamente ruidoso. La atenci√≥n muy buena. La comida ‚Ä¶. No es para destacar. El pollo com√∫n al spiedo, las papas ‚Ä¶M√°s', 'Fui a comer el men√∫ del d√≠a, el risotto y lasa√±a, estaban bien, pero el pollo que pidi√≥ mi amiga estaba medio hecho, hice bien en pedir lasa√±a.‚Ä¶M√°s']","['Es un local elegante y c√≥modo. La comida est√° muy rica. Hay mucha variedad. Las camareras nos atendieron r√°pido y bien. Muy amables.', 'Abierto ahora: 08:00 a. m. - 11:30 p. m.', 'Rita Grill Bilbao. 48 Me gusta. Restaurante que ofrece comida y bebidas variadas. ¬°Bienvenidos!']"
Bar Jaime,,824,"4,5",1-20‚Ç¨,,"Gran V√≠a de Don Diego L√≥pez de Haro, 86, Abando, 48011 Bilbo, Bizkaia","{'mi√©rcoles': ['7:15‚Äì1:30'], 'jueves': ['7:15‚Äì1:30'], 'viernes': ['7:15‚Äì1:30'], 's√°bado': ['7:15‚Äì1:30'], 'domingo': ['Cerrado'], 'lunes': ['7:15‚Äì1:30'], 'martes': ['7:15‚Äì1:30']}",,"['Peque√±o pero muy acogedor. Una buena cantidad de pinchos y peque√±os bocatas fr√≠os para escoger.‚Ä¶M√°s', 'Sitio especializado en caf√©, pintxos, y copas. La tortilla de patata es de las mejores de Bilbao. Tiene terraza fuera. El interior es peque√±o pero acogedor.‚Ä¶M√°s', 'Los camareros un encanto, adem√°s tienen unos pintxo espectaculares.. No he tenido todav√≠a la oportunidad de probar la comida pero estoy segura que me va a‚Ä¶M√°s']","['El restaurante Cafe & Bar Jaime est√° puntuado por los viajeros de Tripadvisor seg√∫n las categor√≠as siguientes: Comida: 5; Servicio: 4.5; Calidad/precio: 4.5...', 'COCKTAILS ¬∑ Vermut de la casa. 350 ‚Ç¨ ¬∑ Aperol Spritz. 400 ‚Ç¨ ¬∑ Negroni Sbagliato. 500 ‚Ç¨ ¬∑ Campari Orange Passioni. 600 ‚Ç¨ ¬∑ Bloody Mary. 600 ‚Ç¨ ¬∑ Dry Martini.', 'Es un peque√±o bar por dentro pero con una buena terraza los pintxos buen√≠simos el caf√© muy rico variedad de vinos y unas copas maravillosas. Muy buena...']"
El Informal,,597,"4,2",‚Ç¨‚Ç¨,,"Mar√≠a D√≠az Haroko K., 7, Abando, 48013 Bilbo, Bizkaia","{'mi√©rcoles': ['9:00‚Äì22:00'], 'jueves': ['9:00‚Äì1:00'], 'viernes': ['9:00‚Äì1:00'], 's√°bado': ['11:00‚Äì2:00'], 'domingo': ['Cerrado'], 'lunes': ['9:00‚Äì17:00'], 'martes': ['9:00‚Äì22:00', 'Confirmado por tel√©fono hace 6 semanas']}",,"['El sitio es bonito y nada m√°s. Fuimos un grupo de unos 15 a comer y el men√∫ dej√≥ mucho que desear.‚Ä¶M√°s', 'Fuimos y aunque no tuvieran el men√∫ diario que pon√≠a en la aplicaci√≥n que nos recomend√≥ este sitio, la carta que dispone el restaurante es amplia y da la opci√≥n‚Ä¶M√°s', 'Car√≠simo. Me decepcion√≥ bastante.\nEstuvimos un grupo grande (30 personas) en una comida de empresa.‚Ä¶M√°s']","['El informal es un restaurante bar y cafeter√≠a situado muy cerca de la Gran V√≠a de Bilbao en la c√©ntrica calle Mar√≠a D√≠az de Haro. Sorpr√©ndase con la...', 'El restaurante El Informal est√° puntuado por los viajeros de Tripadvisor seg√∫n las categor√≠as siguientes: Comida: 4.5; Servicio: 4.5; Calidad/precio: 4.5...', 'Pareltje! Heel hartelijke ontvangst superlekkere tapas en sfeervol interieur en leuke muziek! Onze beste restaurant-ervaring in Bilbao.']"
The Coffee rock,,2,"5,0",,,"Gran V√≠a de Don Diego L√≥pez de Haro, 89, Abando, 48011 Bilbo, Bizkaia","{'mi√©rcoles': ['7:00‚Äì16:00'], 'jueves': ['7:00‚Äì16:00'], 'viernes': ['7:00‚Äì16:00'], 's√°bado': ['Cerrado'], 'domingo': ['Cerrado'], 'lunes': ['7:00‚Äì16:00'], 'martes': ['7:00‚Äì16:00']}",,"['Hace un tiempo que llevo buscando un caf√© que valga la pena tomar por un precio m√°s econ√≥mico al de especialidad, y es que en este local me encontr√© un caf√©‚Ä¶M√°s', 'Los pintxos muy ricos.\nEl plato del dia muy variado ya q todos los d√≠as suelen poner algo diferente.‚Ä¶M√°s']","['The Coffee Rock bar - ¬°Todos en The Coffee Rock  os damos una c√°lida bienvenida en Bilbo ... Bilbao. Country. SPAIN. Phone number. +34688859332. Email address...', 'Ubicaci√≥n y contacto. Urrutia 1 48010 Bilbao Espa√±a. Indautxu.', 'En Rock & Ron ya sabes a d√≥nde vas y a lo que vas. Por eso mismo volver√°s ... 48008 Bilbao Bizkaia; Tel: +34 946 002 200; Fax: +34 946 002 203; info...']"
La Vi√±a del Ensanche,Men√∫ degustaci√≥n y pinchos vascos con especialidades como el jam√≥n ib√©rico de bellota en un bar tradicional.,46000,"4,5",‚Ç¨‚Ç¨,,,"{'mi√©rcoles': ['10:00‚Äì22:30'], 'jueves': ['10:00‚Äì22:30'], 'viernes': ['10:00‚Äì22:30'], 's√°bado': ['13:00‚Äì22:30'], 'domingo': ['Cerrado'], 'lunes': ['Cerrado'], 'martes': ['10:00‚Äì22:30']}",,"['Me gustar√≠a elogiar una camarera, cuyo nombre es Daniela. Ella tiene atenci√≥n esmerada y su sonrisa es inolvidable. Y luego para la cena: ¬°Fue una experiencia‚Ä¶M√°s', 'Mi sitio favorito de Bilbao junto a √âl Globo que adem√°s est√°n uno al lado del otro. El jam√≥n de este sitio (Joselito) est√° espectacular, y tienen un revuelto‚Ä¶M√°s', 'Excelente!! Riqu√≠simo todo, las carrilleras ib√©ricas brutales, de las mejores que prob√© y s√∫per bien de precio. Estuvimos 2 d√≠as en Bilbao, el primer d√≠a fuimos all√≠ por recomendaci√≥n y a‚Ä¶M√°s']","['Horario. Bar terraza y taller. Martes a viernes: de 10:00 a 22:30. S√°bado: de 13:00 a 22:30. Tienda. Martes a viernes: de 10:00 a 14:00 y de 17:00 a 20:00.', 'El restaurante La Vi√±a del Ensanche est√° puntuado por los viajeros de Tripadvisor seg√∫n las categor√≠as siguientes: Comida: 4.5; Servicio: 4.5; Calidad/precio: 4...', 'Carta La Vi√±a del Ensanche. Men√∫. Facebook ¬∑ Twitter ... ¬© 2024 Carta La Vi√±a del Ensanche ¬∑ Funciona con WordPress. Ir arriba ‚Üë Subir ‚Üë']"
Charlotte,Desayunos comidas y cenas en cadena de cafeter√≠as con tienda gourmet de caf√©s y t√©s de importaci√≥n.,537,"3,5",1-10‚Ç¨,,,"{'mi√©rcoles': ['8:30‚Äì20:30'], 'jueves': ['8:30‚Äì20:30'], 'viernes': ['8:30‚Äì20:30'], 's√°bado': ['8:30‚Äì20:30'], 'domingo': ['8:30‚Äì20:30'], 'lunes': ['8:30‚Äì20:30'], 'martes': ['8:30‚Äì20:30']}",,"['Lugar agradable para desayunar. Amplia elecci√≥n de tartas y tambi√©n de salado. Tambi√©n smothies que est√°n muy muy bien de ingredientes y ricos!‚Ä¶M√°s', 'Pintxos variados buenos y buena presencia. La camarera muy profesional y amable. Lo √∫nico negativo, un poquito caro.‚Ä¶M√°s', 'Media hora buscandolo, total no estaba, mas facil encontrarte con un famoso. FATAL‚Ä¶M√°s']","[""charlotte. Women's clothing store. Espacio multimarca. Slow fashion. Consultas y pedidos por DM Envios Lehendakari Aguirre 11  Deusto 48014 Bilbao. www..."", 'Charlotte Bilbao ¬∑ P√°gina ¬∑ Tienda de ropa de mujer ¬∑ Calificaci√≥n ¬∑ 48 16 opiniones.', 'Charlotte Bilbao Bilbao Spain. 1062 likes ¬∑ 24 were here. Moda femenina.']"
MARTXO BGC,,203,"4,7",50-60‚Ç¨,,"Rodr√≠guez Arias K., 71, Abando, 48013 Bilbo, Bizkaia","{'mi√©rcoles': ['9:30‚Äì23:00'], 'jueves': ['9:30‚Äì24:00'], 'viernes': ['9:30‚Äì1:00'], 's√°bado': ['12:30‚Äì1:00'], 'domingo': ['12:30‚Äì23:00'], 'lunes': ['9:30‚Äì16:00'], 'martes': ['9:30‚Äì23:00']}",,"['Excepcional, merece la pena conocerlo.\nProducto de calidad y preparado en su punto.‚Ä¶M√°s', 'ME HA ENCANTADO.\nEs un restaurante que ha abierto sus puertas recientemente en Bilbao. Local‚Ä¶M√°s', 'S√∫per recomendable! Pedimos arroz con bogavante (hay que pedirlo al reservar) y luego unos entrantes que estaban buen√≠simos, sobre todo las croquetas y las‚Ä¶M√°s']","['martxo ¬∑ Galer√≠a ¬∑ Nosotros ¬∑ Come ¬∑ Bebe ¬∑ Contacto. Abrir men√∫ Cerrar men√∫. Galer√≠a ... Taldea. Rodriguez Arias 71 48013 Bilbao Bizkaia. 628 24 04 55.', 'Martxo BGC ¬∑ Rodr√≠guez Arias 71 48013 Bilbao Espa√±a ¬∑ P√°gina web ¬∑ Mejora este perfil.', '16 jun 2023 ‚Äî Tres j√≥venes chefs inauguran nueva propuesta hostelera en el 71 de Rodr√≠guez Arias: buena cocina local y c√≥cteles.']"
Udon Bilbao Gran V√≠a,,14000,"4,6",10-20‚Ç¨,,"Gran V√≠a de Don Diego L√≥pez de Haro, 66, Abando, 48011 Bilbo, Bizkaia","{'mi√©rcoles': ['13:00‚Äì17:00', '20:00‚Äì23:00'], 'jueves': ['13:00‚Äì17:00', '20:00‚Äì23:00'], 'viernes': ['13:00‚Äì17:00', '20:00‚Äì24:00'], 's√°bado': ['13:00‚Äì24:00'], 'domingo': ['13:00‚Äì17:00', '20:00‚Äì23:00'], 'lunes': ['13:00‚Äì17:00', '20:00‚Äì23:00'], 'martes': ['13:00‚Äì17:00', '20:00‚Äì23:00', 'Confirmado por esta empresa hace 8 semanas']}",,"['La recomendaci√≥n del camarero excelente, muy atento y respetuoso cuyo nombre es Rjay. Cogimos un par de baos y luego un plato cada uno y los compartimos,‚Ä¶M√°s', 'Muy buena atenci√≥n el chico se llama Jos√©. Rica la comida', 'Un restaurante asi√°tico correcto. Pedimos para dos personas takoyaki de entrante, como principales corral chicken yakisoba, arroz karee gyudon y de postre un chocolate cup. Rico ‚Ä¶M√°s']","['UDON Bilbao Gran V√≠a - Gran V√≠a 66 48011 48011 Bilbao.', 'S√≠ el restaurante UDON Gran Via Bilbao ofrece comida para llevar. ¬øEl restaurante UDON Gran Via Bilbao ofrece servicio de...', 'Consigue las mejores ofertas para UDON Bilbao GranVia en Bilbao y conoce la nota y posici√≥n en el ranking de GastroRanking.']"
Atelier Bilbao,,297,"4,6",1-10‚Ç¨,,"Rodr√≠guez Arias K., 67, Abando, 48013 Bilbo, Bizkaia","{'mi√©rcoles': ['16:00‚Äì24:00'], 'jueves': ['16:00‚Äì2:00'], 'viernes': ['16:00‚Äì4:00'], 's√°bado': ['16:00‚Äì4:00'], 'domingo': ['16:00‚Äì24:00'], 'lunes': ['Cerrado'], 'martes': ['16:00‚Äì24:00']}",,"['He estado en varias ocasiones Lo cual me parece un lugar incre√≠ble y acogedor. Y este s√°bado hemos vuelto a repetir y estaba la misma persona a la tarde y me‚Ä¶M√°s', 'Excelente lugar para pasar en familia y amigos. El servicio es c√°lido y el producto sublime. La iluminaci√≥n es genial, buena m√∫sica. Os felicito por el buen trabajo, muy bien.', 'Disfrutamos mucho, las copas las mejores que he probado se lo curran un mont√≥n est√°n buen√≠simas. Los chicos son majisimos te aconsejan si no tienes claro lo que quieres y de verdad me‚Ä¶M√°s']","['Atelier Etxanobe es heredero del m√≠tico Etxanobe mantiene su estrella Michelin ahora en el centro de Bilbao con una cocina y servicio extraordinarios.', 'El restaurante Atelier Etxanobe est√° puntuado por los viajeros de Tripadvisor seg√∫n las categor√≠as siguientes: Comida: 5; Servicio: 4.5; Calidad/precio: 4.5...', 'El Etxanobe del Palacio Euskalduna se ha trasladado desde enero del 2018 al centro de Bilbao c/ Juan Ajuriaguerra El Atelier misma gastronom√≠a de altura.']"
La Gavilla Bilbao,Restaurante funcional y acogedor que ofrece platos de cocina vasca con productos locales brunch vino y un bar.,11000,"4,5",30-40‚Ç¨,,"Col√≥n de Larre√°tegui K., N.32, Abando, 48009 Bilbo, Bizkaia","{'mi√©rcoles': ['11:00‚Äì23:00'], 'jueves': ['11:00‚Äì23:00'], 'viernes': ['11:00‚Äì24:00'], 's√°bado': ['12:00‚Äì24:00'], 'domingo': ['Cerrado'], 'lunes': ['Cerrado'], 'martes': ['11:00‚Äì23:00']}",944 25 68 38,"['Veamos, s√≥lo com√≠ cuatro pinchos que estaban en la barra y la verdad es que nada destacables, el de pimiento con bacalao creo que me podr√≠an haber dado la‚Ä¶M√°s', 'La comida est√° rica y es de calidad.‚Ä¶M√°s', 'Experiencia decepcionante y no por la comida. Pedimos diferentes platos, el primero de ellos era una ensaladilla rusa, llev√°ndonos la ‚Äúsorpresa‚Äù de encontrarnos‚Ä¶M√°s']","['El restaurante La Gavilla est√° puntuado por los viajeros de Tripadvisor seg√∫n las categor√≠as siguientes: Comida: 4.5; Servicio: 4.5; Calidad/precio: 4.5...', 'Next. La Gavilla - Bilbao -. Horario. Lunes: Cerrado. Martes: 11:00 - 23:00 ... c/ Col√≥n de Larre√°tegui 32 48009 Bilbao. Este sitio web utiliza cookies para...', 'La Gavilla Bilbao ¬∑ P√°gina ¬∑ Bar ¬∑ +34 944 25 68 38 ¬∑ lagavillabilbao.com.']"
"Bar-Restaurante ""La Roca""",,11000,"4,2",20-30‚Ç¨,,"Archivo Hist√≥rico Provincial, Ercilla Kalea, 1, Abando, 48009 Bilbao, Biscay","{'mi√©rcoles': ['7:30‚Äì22:00'], 'jueves': ['7:30‚Äì22:00'], 'viernes': ['7:30‚Äì24:00'], 's√°bado': ['12:00‚Äì24:00'], 'domingo': ['Cerrado'], 'lunes': ['7:30‚Äì22:00'], 'martes': ['7:30‚Äì22:00']}",,"['No suelo poner rese√±as, pero esta vez, lo merece ¬°Y mucho! Viajamos con perro y fu√© uno m√°s des del primer momento. Nos dejaron entrar con √©l en el interior y‚Ä¶M√°s', 'Un lugar magn√≠fico de principio a fin, busc√°bamos un sitio para comer y poder estar con nuestro perro, no s√≥lo nos han permitido comer all√≠, sino que adem√°s nos‚Ä¶M√°s', 'Un restaurante maravilloso. Lo encontramos por casualidad y a pesar de ser fechas navide√±as, nos hicieron un hueco y nos atendieron con mucho gusto. La comida‚Ä¶M√°s']","['La Roca ama Bilbao La Roca es parte de Bizkaia y Euskadi tierra de gran riqueza protegida por un mar y unos montes que nos ofrecen lo mejor de ellos en...', '169 opiniones#175 de 987 restaurantes en Bilbao‚Ç¨‚Ç¨ - ‚Ç¨‚Ç¨‚Ç¨BarMediterr√°neaEuropea ... La Roca. ¬øC√≥mo est√° valorado el restaurante La Roca? ... Restaurantes en Bilbao:...', 'La Roca es restaurante barra de pinchos lugar de picoteo bar de copas cafeter√≠a es todo eso y m√°s porque nuestra cocina est√° abierta todo el d√≠a.']"
con B de bilbao,Restaurante moderno con una decoraci√≥n chic que sirve tapas t√≠picas espa√±olas tanto cl√°sicas como innovadoras.,531,"4,3",1-10‚Ç¨,,,{},,"['El precio de los pinchos es algo superior a la media del centro de Bilbao, pero la calidad y variedad de los mismos lo compensa sobradamente; por eso repetimos‚Ä¶M√°s', 'T√≠pico bar de pintxos en el centro de la ciudad. Al entrar te encuentras la barra llena de pintxos, la mayor√≠a de ellos cubiertos con pl√°stico.‚Ä¶M√°s', 'Sitio c√©ntrico con gran variedad de pintxos, donde van cambi√°ndolos cada d√≠a.\nLa relaci√≥n calidad precio es muy buena, fue todo un acie‚Ä¶M√°s']","['El restaurante con B de bilbao est√° puntuado por los viajeros de Tripadvisor seg√∫n las categor√≠as siguientes: Comida: 4; Servicio: 4; Calidad/precio: 4...', 'Consigue las mejores ofertas para con B de bilbao en Bilbao y conoce la nota y posici√≥n en el ranking de GastroRanking.', 'Fotograf√≠a de con B de bilbao Bilbao: Carta. Echa un vistazo a los 171 v√≠deos y fotos de con B de bilbao que han tomado los miembros de Tripadvisor.']"
Restaurante La Olla,Restaurante acogedor con terraza a pie de calle especializado en pinchos jam√≥n ib√©rico y vinos espa√±oles.,2000,"4,1",1-20‚Ç¨,,,"{'mi√©rcoles': ['7:00‚Äì23:00'], 'jueves': ['7:00‚Äì23:00'], 'viernes': ['7:00‚Äì24:00'], 's√°bado': ['9:00‚Äì24:00'], 'domingo': ['11:00‚Äì23:00'], 'lunes': ['7:00‚Äì23:00'], 'martes': ['7:00‚Äì23:00']}",,"['No tuvieron,el mejor d√≠a,toda la comida fr√≠a,y cuando,nos volv√≠an a calentar,segu√≠a,igual,o, parecido. Pedimos chuleta,y nos sacaron, entrecot. Se que es un‚Ä¶M√°s', 'Hemos estado s√∫per bien, atenci√≥n de parte de Agust√≠n genial. Todos Los platos estaba muy rico. La txistorra estaba que te mueres! Lo que m√°s me ha sorprendido es como tienen e‚Ä¶M√°s', 'Gran lugar! Comida deliciosa, muy buen servicio, lugar muy lindo (me toc√≥ adentro y est√° muy bien)‚Ä¶ recomendaciones de comida: plato de jamones, zamburinas,‚Ä¶M√°s']","['En el bar La Olla les ofrecemos productos de primer√≠sima calidad que pueden degustar con nuestros pintxos. Disponemos de una barra espectacular que...', 'En el restaurante La Olla de la Plaza Nueva les ofrecemos productos de primer√≠sima calidad que pueden degustar con nuestros pintxos.', 'Todos nuestros canap√©s se preparan para llevar. Bar La Olla Calle Diputaci√≥n 12 48008 Bilbao...']"
Le bol blanc,,135,"4,3",20-30‚Ç¨,,"Gran V√≠a de Don Diego L√≥pez de Haro, 87, Abando, 48911 Bilbo, Bizkaia","{'mi√©rcoles': ['7:00‚Äì10:30', '13:00‚Äì16:00', '19:00‚Äì23:00'], 'jueves': ['7:00‚Äì10:30', '13:00‚Äì16:00', '19:00‚Äì23:00'], 'viernes': ['7:00‚Äì10:30', '13:00‚Äì16:00', '19:00‚Äì23:00'], 's√°bado': ['7:30‚Äì11:30', '13:00‚Äì16:00', '19:00‚Äì23:00'], 'domingo': ['7:30‚Äì12:00', '13:00‚Äì16:00', '19:00‚Äì23:00'], 'lunes': ['7:00‚Äì10:30', '13:00‚Äì16:00', '19:00‚Äì23:00'], 'martes': ['7:00‚Äì10:30', '13:00‚Äì16:00', '19:00‚Äì23:00']}",944 41 60 00,"['Comida de Navidad de 10 amigos y sali√≥ perfecto.\nAtenci√≥n exquisita,especial menci√≥n para Natalia,men√∫ muy completo y variado y precio acorde con la calidad del‚Ä¶M√°s', 'Excelente cena,servicio y atenci√≥n.Muy bueno el men√∫ ,de 1ro. ,2do plato ,bebida ,postre y caf√©.Muy recomendable. Primeros platos Fideau con zamburi√±as‚Ä¶M√°s', 'Sitio con moderna decoraci√≥n. Muy buena atenci√≥n y un men√∫ con primeros a modo de buffet. Ensaladas, pinchos variados, quesos, cazuelitas....a elegir un‚Ä¶M√°s']","['El restaurante Le Bol Blanc est√° puntuado por los viajeros de Tripadvisor seg√∫n las categor√≠as siguientes: Comida: 4; Servicio: 4.5; Calidad/precio: 4...', 'El restaurante Le Bol Blanc ofrece un entorno muy especial donde degustar cocina vasca contempor√°nea. Decorado con pautas modernas y minimalistas es ideal...', 'Especialidad: Le Bol Blanc ofrece a los hu√©spedes un ambiente relajado y tranquilo con una mezcla de decoraci√≥n tradicional y vanguardista donde se sirve una...']"
Restaurante La Tagliatella | Gran V√≠a Bilbao,Iluminaci√≥n c√°lida y adornos hogare√±os antiguos en cadena de restaurantes de gastronom√≠a tradicional italiana.,13000,"3,8",20-30‚Ç¨,,,"{'mi√©rcoles': ['13:00‚Äì16:00', '20:00‚Äì23:00'], 'jueves': ['13:00‚Äì16:00', '20:00‚Äì23:00'], 'viernes': ['13:00‚Äì16:00', '20:00‚Äì24:00'], 's√°bado': ['13:00‚Äì16:00', '20:00‚Äì24:00'], 'domingo': ['13:00‚Äì16:00', '20:00‚Äì23:00'], 'lunes': ['13:00‚Äì16:00', '20:00‚Äì23:00'], 'martes': ['13:00‚Äì16:00', '20:00‚Äì23:00']}",,"['Siempre hemos comido en La Tagliatella, pero la experiencia de ayer fue muy mala, para no repetir. Paso a detallar:‚Ä¶M√°s', 'Vergonzoso. Han tardado m√°s de una hora en servirnos. A nosotros y a los de alrededor. Hemos comido a m√°s de las 16.30. Aceptan m√°s reservas de las que pueden‚Ä¶M√°s', 'Hemos venido con reserva para las 15:40 y hemos estado esperando 1 hora y s√≥lo nos han servido la bebida y un entrante a lo largo de esta hora y porque nos‚Ä¶M√°s']","['Cerca de los encantadores Jardines de Albia en plena Gran V√≠a de Don Diego L√≥pez de Haro se encuentra nuestro restaurante italiano La Tagliatella.', 'La Tagliatella es un aut√©ntico templo de la comida italiana en el que podr√°s degustar platos exquisitos de pasta fresca pizzas artesanales y otras...', 'La Tagliatella Indautxu Bilbao: MUY BIEN EN POZAS PERO PENOSO EN TAGLIATELLA GRAN VIA - 206 opiniones y 56 fotos de viajeros y ofertas fant√°sticas para...']"
Bilbobeer,Bar restaurante con terraza que sirve tapas y platos espa√±oles cerveza y vino.,13000,"4,1",10-20‚Ç¨,,"Adiskidetasun Kalea, 4, Abando, 48001 Bilbo, Bizkaia","{'mi√©rcoles': ['7:30‚Äì24:00'], 'jueves': ['7:30‚Äì24:00'], 'viernes': ['8:00‚Äì1:30'], 's√°bado': ['8:00‚Äì1:30'], 'domingo': ['7:30‚Äì24:00'], 'lunes': ['7:30‚Äì24:00'], 'martes': ['7:30‚Äì24:00']}",,"['Lleno de cucarachas. Es la segunda vez que voy y veo cucarachas por las paredes. No me imagino c√≥mo estar√°n la cocina etc con el calor de las maquinas‚Ä¶‚Ä¶M√°s', 'Muy bueno y econ√≥mico. Vine buscando un men√∫ cerca de la estaci√≥n de tren y encontr√© este lugar, que ofrec√≠a un men√∫ por 14‚Ç¨.‚Ä¶M√°s', 'Bar t√≠pico, ideal para desayunar! Tienen varias tortillas y algunos pinchos a muy buen precio. Muy recomendable.‚Ä¶M√°s']","['Sobre todo sabemos de esto √∫ltimo de ah√≠ el nombre Bilbobeer el centro de la cerveza en Bilbao. ... 944 74 10 95 contacto@bilbobeer.com Calle Amistad 4 48001...', 'El restaurante Bilbobeer est√° puntuado por los viajeros de Tripadvisor seg√∫n las categor√≠as siguientes: Comida: 4.5; Servicio: 3.5; Calidad/precio: 4.5...', 'Bilbobeer Bilbao: Consulta 36 opiniones sobre Bilbobeer con puntuaci√≥n 4 de 5 y clasificado en Tripadvisor N.¬∞478 de 1.170 restaurantes en Bilbao.']"
El Huevo Berria,Decoraci√≥n del Athletic Club y barra de pintxos en una cafeter√≠a moderna con ensaladas y taburetes altos.,13000,"4,1",1-10‚Ç¨,,"Poza Lizentziatuaren Kalea, 65, Abando, 48013 Bilbo, Bizkaia","{'mi√©rcoles': ['8:00‚Äì23:00'], 'jueves': ['8:00‚Äì24:00'], 'viernes': ['10:30‚Äì1:00'], 's√°bado': ['10:30‚Äì1:00'], 'domingo': ['Cerrado'], 'lunes': ['8:00‚Äì23:00'], 'martes': ['8:00‚Äì23:00']}",,"['El mejor sitio para comer de todo Bilbao!!!! Los pintxos buen√≠simos y las chicas de barra no podr√≠an ser m√°s simp√°ticas! 10000/10‚Ä¶M√°s', 'Buen sitio para comer barato si estas por la zona‚Ä¶M√°s', 'Sandwich de txaka ü¶Ä. Seguro que hay mejores pintxos que probar√© la pr√≥xima vez.‚Ä¶M√°s']","['El restaurante Huevo Berria est√° puntuado por los viajeros de Tripadvisor seg√∫n las categor√≠as siguientes: Comida: 4; Servicio: 3.5; Calidad/precio: 3...', 'El huevo berria ¬∑ P√°gina ¬∑ Bar de tapas y restaurante ¬∑ +34 944 27 13 48 ¬∑ elhuevoberria.com ¬∑ Calificaci√≥n ¬∑ 48 28 opiniones ¬∑ Publicaci√≥n fijada.', 'Tu bar de Pintxos cerca de San Mam√©s. Comparte tus visitas con nosotros. Calle del Licenciado Poza 65 Bilbao Spain 48013. www.elhuevoberria.com.']"
Olagarro,Bar-restaurante de elegante aire r√∫stico con pintxos en barra chulet√≥n a la brasa y otras recetas vascas.,706,"4,2",,,"Rodr√≠guez Arias K., 64, Abando, 48013 Bilbo, Bizkaia","{'mi√©rcoles': ['8:00‚Äì24:00'], 'jueves': ['8:00‚Äì24:00'], 'viernes': ['8:00‚Äì24:00'], 's√°bado': ['8:00‚Äì24:00'], 'domingo': ['8:00‚Äì16:00'], 'lunes': ['Cerrado'], 'martes': ['8:00‚Äì24:00']}",,"['Nos llevo mi hermano a cenar a est√© restaurante y salimos encantados. üôÇ\nDegustamos una ensalada de pulpo, zamburi√±as y chu‚Ä¶M√°s', 'La pinta de la comida era muy buena pero luego al probarla una decepci√≥n.El pulpo a la brasa muy hecho,casi quemado,.Las zamburi√±as fr√≠as y el chulet√≥n de‚Ä¶M√°s', 'Nada m√°s entrar, ya me he re√≠do con los camareros que son unos crack y adem√°s unos profesionales GRANDES. Y el pulpo que me he comido no tengo palabras para describir. Casi se m‚Ä¶M√°s']","['Restaurante Olagarro ‚Äì Una experiencia Gastron√≥mica en Bilbao ¬∑ c/ Rodriguez Arias 64 Bilbao ¬∑ c/ Campo de Volant√≠n n¬∫ 13 Bilbao. ¬∑ y en Casco Viejo ¬∑ c/ Jardines...', 'El restaurante Olagarro est√° puntuado por los viajeros de Tripadvisor seg√∫n las categor√≠as siguientes: Comida: 3.5; Servicio: 4; Calidad/precio: 3.5; Atm√≥sfera:...', 'Disfruta de la mejor Gastronom√≠a del Cant√°brico en Pulperia Olagarro c/ Rodriguez Arias 64 Bilbao Tel√©fono: 944 393 215 c/ Campo de Volant√≠n n¬∫ 13 Bilbao.']"
Oh! Bilbao Restaurante,,276,"3,7",10-20‚Ç¨,,"Col√≥n de Larre√°tegui K., 1, Abando, 48001 Bilbo, Bizkaia","{'mi√©rcoles': ['8:00‚Äì3:30'], 'jueves': ['8:00‚Äì3:30'], 'viernes': ['8:00‚Äì5:00'], 's√°bado': ['8:00‚Äì5:00'], 'domingo': ['18:00‚Äì3:30'], 'lunes': ['8:00‚Äì3:30'], 'martes': ['8:00‚Äì3:30']}",,"['Estuvimos la semana pasada en fiestas de Bilbao y por la recomendaci√≥n de un amigo fuimos a comer all√≠.‚Ä¶M√°s', 'Estuvimos pasando el d√≠a en Bilbao, visitando la ciudad. Comimos en este restaurante, la comida muy buena y casera. El camarero Gotzon muy amable, divertido y‚Ä¶M√°s', 'No pongo menos porque no puedo: Arruinaron mi despedida de soltera. Nos dejaron colgadas el mismo d√≠a, all√≠ insitu y nos pusieron un mont√≥n de problemas para‚Ä¶M√°s']","['Oh Bilbao restaurante gastro pub te ofrece comida casera y con productos de calidad desayunos comidas y cenas en pleno centro de Bilbao para degustarlas...', 'Oh Bilbao ¬∑ OH BILBAO - Col√≥n de Larre√°tegui Kalea 1 Indautxu - N√∫mero de Tel√©fono y Restaurante Opiniones - Tripadvisor.', 'N.¬∫ 894 de 987 Restaurantes en Bilbao. Oh Bilbao Espa√±a a√∫n no tiene ... OH BILBAO - Col√≥n de Larre√°tegui Kalea 1 Abando - N√∫mero de Tel√©fono y Restaurante...']"
Restaurante Zurekin,Pintxos y men√∫ de cocina mediterr√°nea innovadora en restaurante de mobiliario e iluminaci√≥n vanguardista.,16000,"3,9",‚Ç¨‚Ç¨,,,"{'mi√©rcoles': ['8:00‚Äì23:00'], 'jueves': ['8:00‚Äì23:00'], 'viernes': ['8:00‚Äì24:00'], 's√°bado': ['9:00‚Äì24:00'], 'domingo': ['10:00‚Äì23:00'], 'lunes': ['8:00‚Äì23:00'], 'martes': ['8:00‚Äì23:00']}",,"['Hemos comido genial, han venido mis primos de √Åvila y les ha encantado, la comida muy buena, el servicio espectacular, David y Nacho, muy amables y atentos al servicio, volveremo‚Ä¶M√°s', 'Dando una vuelta por Bilbao encontramos este amplio y precioso local. En su entrada nos encontramos un amplio mostrador donde nuestra vista üëÄ no termina ante el‚Ä¶M√°s', 'Tienen variedad de pinchos y siempre est√°n intentando poner algo nuevo (las empanadas de carne mechada, las tortillas y las mini hamburguesas mis favoritos).‚Ä¶M√°s']","['Caf√© bar y restaurante en el mejor ambiente de Bilbao. Disfruta de nuestros pintxos nuestros men√∫s y tomate un coctel por la noche de fiesta.', 'El restaurante Zurekin est√° puntuado por los viajeros de Tripadvisor seg√∫n las categor√≠as siguientes: Comida: 4; Servicio: 4; Calidad/precio: 3.5; Atm√≥sfera: 5...', 'Men√∫ del d√≠a men√∫ gourmet men√∫s de grupo eventos brunchs. Disfruta del mejor ambiente en el centro de Bilbao. Salida METRO Moyua - Diputaci√≥n.']"
Restaurante Ambigu,Platos creativos con ra√≠ces vascas en un animado espacio con copas eventos musicales y exposiciones de arte.,835,"4,4",10-20‚Ç¨,,"Done Bikendi Kalea, 5, Abando, 48001 Bilbo, Bizkaia","{'mi√©rcoles': ['9:00‚Äì17:00'], 'jueves': ['9:00‚Äì17:00'], 'viernes': ['9:00‚Äì2:30'], 's√°bado': ['20:00‚Äì2:30'], 'domingo': ['Cerrado'], 'lunes': ['9:00‚Äì17:00'], 'martes': ['9:00‚Äì17:00']}",,"['La comida perfecta, en vajilla moderna.\nEl servicio para la hora que era muy bien, quiz√°s las mesas peque√±as para comer‚Ä¶M√°s', 'Lamentable experiencia. El barbas de la barra un aut√©ntico macarra, falton y sin educaci√≥n. A evitar.‚Ä¶M√°s', 'Mejor llamar para reservar mesa.\nEl precio del men√∫ es de 17,50‚Ç¨.‚Ä¶M√°s']","['Men√∫ rico 17 euros pero comida de calidad. Buen trato y muy buena m√∫sica. Para pasar un buen rato y comer rico. Decorado con gusto alternativo.', 'Ambig√∫  oficial  ¬∑ P√°gina ¬∑ Restaurante ¬∑ +34 944 24 23 43 ¬∑ ambigubilbao.bigcartel.com.', 'Arte y entretenimiento. Contacto. San Vicente 5 Bilbao. 944242343.']"
Cafeter√≠a Coffela,,17,"4,4",1-10‚Ç¨,,"Gran V√≠a de Don Diego L√≥pez de Haro, 48, Abando, 48011 Bilbo, Bizkaia","{'mi√©rcoles': ['7:00‚Äì19:30'], 'jueves': ['7:00‚Äì19:30'], 'viernes': ['7:00‚Äì19:30'], 's√°bado': ['9:00‚Äì14:30'], 'domingo': ['Cerrado'], 'lunes': ['7:00‚Äì19:30'], 'martes': ['7:00‚Äì19:30']}",,"['Peque√±o, pero muy acogedor la calidad del caf√© es muy buena la calidad de las ca√±as es muy buena tambi√©n yo recomiendo mucho los bocatas de jam√≥n.‚Ä¶M√°s', 'Una fant√°stica experiencia en Bilbao en √©ste bar!!!...incre√≠ble el trato recibido y barra de pinchos estupenda y riqu√≠simos...ideal para desayunar y pasar un rato genial despu√©s de las comp‚Ä¶M√°s', 'Recomendable 100 por 100, nuevo ambiente, nuevo personal y unos pintxos fantasticos... La tortilla de patata mas increible que he probado.... Volver√© y volver√© y volver√©.... Mis Felicitacion‚Ä¶M√°s']","['16 ene 2024 ‚Äî Cafeter√≠a Coffela n.¬∫ 406 entre las coffee houses de Bilbao: 16 opiniones y 3 fotos detalladas. Local√≠zalo en el mapa y llama para reservar...', '1. Bar Roma. 296. Abierto ahora ¬∑ 2. Bihotz Cafe. 274. Abierto ahora ¬∑ 3. Charamel Gozotegia. 168. Caf√© y t√© Caf√©‚Ç¨ ¬∑ 4. Restaurante Cafeter√≠a Pentxo. 1848.', 'Coffela Cafe Bar es una cafeter√≠a en Bilbao Bizkaia Pa√≠s Vasco. Coffela Cafe Bar est√° situada circa de Consulado General de Francia.']"
La Carboner√≠a,,1000,"4,4",1-10‚Ç¨,,"Mar√≠a D√≠az Haroko K., 23, Abando, 48013 Bilbo, Bizkaia","{'mi√©rcoles': ['13:00‚Äì1:30'], 'jueves': ['13:00‚Äì1:30'], 'viernes': ['13:00‚Äì3:00'], 's√°bado': ['13:00‚Äì3:00'], 'domingo': ['13:00‚Äì1:30'], 'lunes': ['13:00‚Äì1:30'], 'martes': ['13:00‚Äì1:30']}",,"['Estuve con 2 amigos tomando algo.La camarera muy simp√°tica y amable.Si es cierto que no hab√≠a mucha gente,pero nos esplico un par de cosas sobre el ron y le‚Ä¶M√°s', 'Nos vamos a tomar una copa y a las 11.25 de la noche un tipejo est√° fumando una cachimba junto a la barra, sin que la camarera le diga nada.', 'Buen sitio para tomar un buen gintonic. Bien preparado y con variedad de ginebras. La atenci√≥n y el servicio de la camarera excepcional‚Ä¶M√°s']","['Local especializado en Combinados. Amplia variedad de Rones y Ginebras. Clasicos del Mejor Rock Gran. \U000f1676. Seguir. \U000f07dd. Publicaciones.', 'Las mejores copas de Bilbao  con buena decoraci√≥n  ambiente y lo mejor de todo es el personal . Sobresaliente . Maravilloso .', 'Tu caf√©‚òïtu aperitivo tu copa  TU LUGAR DE ENCUENTRO CONTACTO ‚òé653 814 465. Sube tus fotos #LaCarboneriabilbao. Maria diaz de haro 23 Bilbao...']"
D. O Bilbao,,728,"4,3",‚Ç¨‚Ç¨,,"Rodr√≠guez Arias K., 52, Abando, 48013 Bilbo, Bizkaia","{'mi√©rcoles': ['11:00‚Äì1:00'], 'jueves': ['11:00‚Äì1:00'], 'viernes': ['11:00‚Äì1:00'], 's√°bado': ['11:00‚Äì1:00'], 'domingo': ['11:00‚Äì16:00'], 'lunes': ['11:00‚Äì1:00'], 'martes': ['11:00‚Äì1:00']}",,"['Servicio denigrante. Fui con unos amigos a tomar algo y de primeras la camarera nos trato de malas formas. Eramos 6 y solo nos dejaron sentarnos 5 (una de pie‚Ä¶M√°s', 'Me ped√≠ un solomillo al foei y me dicen que no hay. Lo pida la pimienta (24‚Ç¨). En 3 min me trae un plato con 2 filetes finos con una piscina de salsa un tanto‚Ä¶M√°s', 'Men√∫ del d√≠a muy bueno a√∫n quiz√°s algo m√°s caro que lo que hay en el entorno (26 euros por persona). Trato muy bueno, no nos pusieron pegas por llegar tarde. Recomendable !‚Ä¶M√°s']","['El restaurante D.O Bilbao est√° puntuado por los viajeros de Tripadvisor seg√∫n las categor√≠as siguientes: Comida: 3.5; Servicio: 4; Calidad/precio: 3; Atm√≥sfera:...', 'El D.O Bilbao es un moderno restaurante para satisfacer a todos los paladares y todos los gustos ya que es capaz de fusionar la cocina vasca tradicional con...', 'Un excelente restaurante con una gran oferta en bebidas. Nuestra cocina casera espa√±ola te agasajar√° con platos aut√©nticos y tradicionales. Dentro de la oferta...']"
Goiko,Restaurante bullicioso con hamburguesas y platos estadounidenses creativos.,42000,"4,0",10-20‚Ç¨,,,"{'mi√©rcoles': ['12:00‚Äì23:30'], 'jueves': ['12:00‚Äì24:00'], 'viernes': ['12:00‚Äì24:00'], 's√°bado': ['12:00‚Äì24:00'], 'domingo': ['12:00‚Äì24:00'], 'lunes': ['12:00‚Äì23:30'], 'martes': ['12:00‚Äì23:30', 'Actualizado por esta empresa hace 4 semanas']}",,"['Se nota que es una cadena de restauraci√≥n. Calidad precio est√° bien. El local est√° chulo, el servicio es r√°pido. Por poner una pega faltar√≠a algo m√°s de‚Ä¶M√°s', 'La comida la sirvieron a tiempo, estaba bien, pero estuvimos esperando literalmente 45 minutos para que nos tomasen nota y nos sirviesen el postre... la tarta‚Ä¶M√°s', 'La semana pasada fui a comer, llevaba tiempo sin ir y ten√≠a muchas ganas.‚Ä¶M√°s']","['Disfruta de Goiko en Gran V√≠a 68 Bilbao ¬∑ Contacto ¬∑ Horario. Lunes a Domingo: Lunes a mi√©rcoles: 12:00 - 23:30 /...', 'Lunes a Domingo: Lunes a mi√©rcoles: 13:00 - 23:30 / Jueves a domingo: 13:00 - 0:00. Este horario puede variar chequea en Google donde siempre lo tenemos...', 'Camareras super encantadoras Leire y Paula y la comida excelente buen servicio Muy rapido el sevicio y todo a la perfeccion encatmado con todos.']"
Beher Bilbao | Tienda y Restaurante de Productos Ib√©ricos,,570,"4,2",‚Ç¨‚Ç¨,,"Portuko Markesaren Kalea, 11, Abando, 48008 Bilbo, Bizkaia","{'mi√©rcoles': ['11:00‚Äì22:30'], 'jueves': ['11:00‚Äì22:30'], 'viernes': ['11:00‚Äì23:30'], 's√°bado': ['12:30‚Äì23:30'], 'domingo': ['12:30‚Äì16:30'], 'lunes': ['11:00‚Äì22:30'], 'martes': ['11:00‚Äì22:30', 'Actualizado por esta empresa hace 9 semanas']}",,"['Comida espectacular, con la especialidad en Ib√©ricos, a muy buen precio, en un ambiente inmejorable. Rese√±able la buena cava de vinos!‚Ä¶M√°s', 'Mal mal servicio llevado por personas poco formadas, es una l√°stima que hoy en d√≠a se est√© perdiendo la profesionalidad en la restauraci√≥n, y hay gente dando‚Ä¶M√°s', 'La comida est√° muy rica hasta que te traen el CERDO üêñ CRUDO. ¬°CRUDO! ¬°¬°¬°Se√±ores, el cerdo, al igual que el resto de carne que no sea ternera, NO se puede comer‚Ä¶M√°s']","['Este men√∫ degustaci√≥n de productos ib√©ricos es ideal para aquellos que quieran probar una variedad de platos y disfrutar de una experiencia gastron√≥mica...', 'BEHER BILBAO - Fotos N√∫mero de Tel√©fono y Restaurante Opiniones - Tripadvisor. Bilbao; Provincia de Vizcaya; Pa√≠s Vasco; Espa√±a; Europa. Bilbao. Turismo en...', 'Nuestra tienda-restaurante de Bilbao ofrece los mejores productos ib√©ricos. destacado-portada. Un espacio dedicado a la alta gastronom√≠a del ib√©rico.']"
Sorg√≠nzulo,Pinchos de carne y pescado vascos regados con vinos de la regi√≥n como el chacol√≠ en un bar elegante y animado.,24000,"4,4",10-20‚Ç¨,,"Pl. Nueva, 12, Ibaiondo, 48005 Bilbao, Biscay","{'mi√©rcoles': ['9:30‚Äì22:30'], 'jueves': ['9:30‚Äì22:30'], 'viernes': ['9:30‚Äì22:30'], 's√°bado': ['9:30‚Äì22:30'], 'domingo': ['10:00‚Äì15:30'], 'lunes': ['9:30‚Äì22:30'], 'martes': ['9:30‚Äì22:30']}",,"['La comida espectacular y barata. Los calamares no pueden faltar. Entre semana se puede disfrutar mucho mejor de la terraza ya que no est√° tan lleno como los fines de semana que es i‚Ä¶M√°s', 'Todo un gran acierto sin duda alguna el visitar este local t√≠pico de pinchos situado en La Plaza Nueva en Bilbao. Disponen de una gran variedad de pinchos con‚Ä¶M√°s', 'Este lugar es de visita obligatoria si est√°s por el casco viejo de Bilbao. En esta oportunidad probamos la carrilleras y est√°n muy buenas, recomendada. Est√° ‚Ä¶‚Ä¶M√°s']","['Ubicaci√≥n y contacto. Plaza Nueva 12 48005 Bilbao Espa√±a. A 0...', 'Los mejores pintxos de Bilbao ¬∑ Consulta aqu√≠ nuestra carta ¬∑ y ¬∑ Prueba nuestra VISITA VIRTUAL.', 'Concurso #tortilla de Bizkaia 2024 y muchos +!. Prueba nuestros calamares ! Plaza Nueva y Santutxu #Bilbao. Plaza Nueva 12 Bilbao Spain 48005.']"
OHANA BAR RESTAURANTE,,417,"4,5",10-30‚Ç¨,,"Acebal Id√≠goras Kalea, 6, Abando, 48001 Bilbo, Bizkaia",{},,"['Es un sitio que ten√≠a muchas ganas de probar, lo vi por internet y me invit√≥ a visitarles. Fuimos a comer un d√≠a y la verdad que el local tiene un rollo surfero‚Ä¶M√°s', 'El trato excelente y todo lo que pedimos para comer estaba brutal. Pedimos ensalada de rulo a la plancha, croquetas variadas, nachos y chulet√≥n. Todo exquisito!‚Ä¶M√°s', 'El trato y la comida de 101% yo soy intolerante a muchas cosas y el cocinero me ha preparado desde 0 los tacos, para asegurarse de que no hubiera contaminaci√≥n‚Ä¶M√°s']","['El restaurante Bar-Restaurante Ohana est√° puntuado por los viajeros de Tripadvisor seg√∫n las categor√≠as siguientes: Comida: 4; Servicio: 4.5; Calidad/precio: 4...', 'BAR RESTAURANTE MEN√ö DEL D√çA de Lunes a Viernes Comidas de lunes a s√°bado. Cenas de mi√©rcoles a s√°bado ‚òï --946 565 628--.', '... contenido principal. √önete a la app. logo-ohana-blancoo png.png. Nuestro Men√∫ ¬∑ A la Carta ¬∑ postres ¬∑ Menus navidad ¬∑ NUESTROS PLATOS ¬∑ COCTELES ¬∑ ABOUT ME...']"
El Huevo Frito,Surtida barra de pintxos en un bar de muebles modernos con terraza decorado con caricaturas de futbolistas.,15000,"4,3",10-20‚Ç¨,,"Garc√≠a Rivero Maisuaren Kalea, 1, Abando, 48011 Bilbo, Bizkaia","{'mi√©rcoles': ['10:00‚Äì22:30'], 'jueves': ['10:00‚Äì22:30'], 'viernes': ['10:00‚Äì24:00'], 's√°bado': ['10:00‚Äì24:00'], 'domingo': ['Cerrado'], 'lunes': ['10:00‚Äì16:00'], 'martes': ['10:00‚Äì22:30']}",,"['Gran variedad y apetitosos pintxos, tortillas,bocadillos, gildas,croquetas, y varios con un huevito frito. Buen trato y amabilidad del personal. El local es‚Ä¶M√°s', 'A mi me gusta llamar restaurantes a los sitios que te ofrecen un producto de calidad, ya que el nombre restaurante es m√°s elegante. Huevo frito, a pesar del‚Ä¶M√°s', 'Comida exquisita. Trato inmejorable. Las chicas son muy amables y serviciales. Servicio r√°pido. Un placer para el paladar. Muy recomendable‚Ä¶M√°s']","['El restaurante El huevo frito est√° puntuado por los viajeros de Tripadvisor seg√∫n las categor√≠as siguientes: Comida: 4.5; Servicio: 4; Calidad/precio: 4...', 'El Huevo Frito ¬∑ P√°gina ¬∑ Bar ¬∑ +34 944 41 22 49 ¬∑ elhuevofrito.com ¬∑ Calificaci√≥n ¬∑ 45 116 opiniones.', 'El Bar El Huevo Frito est√° situado en el barrio Indautxu en Bilbao. Destaca por su oferta de variados pintxos y tapas junto a un ambiente festivo. Adem√°s ofrece...']"
La Parada de Bilbao,,766,"3,9",10-20‚Ç¨,,"Plaza Biribila, 2, Abando, 48008 Bilbo, Bizkaia","{'mi√©rcoles': ['6:00‚Äì22:00'], 'jueves': ['6:00‚Äì22:00'], 'viernes': ['6:00‚Äì22:00'], 's√°bado': ['7:00‚Äì22:00'], 'domingo': ['8:00‚Äì22:00'], 'lunes': ['6:00‚Äì22:00'], 'martes': ['6:00‚Äì22:00']}",,"['El sitio como siempre muy bien, la barra surtida y la atenci√≥n de la barra fant√°stica‚Ä¶M√°s', 'Dan una muy mala imagen cara al publico y parece que no son muy profesionales en este sector de trabajo.‚Ä¶M√°s', 'No hab√≠a estado nunca pero hoy he ido a comer con una amiga. Tienen opci√≥n de men√∫ vegano. Riqu√≠simos los pimientos rellenos de tofu y la tarta de queso vegana!‚Ä¶M√°s']","['La Parada de Bilbao es un restaurante especializado en cocina tradicional y vegana elaborada con los mejores ingredientes de temporada.', 'La Parada De Bilbao ¬∑ Plaza circular 2 Estaci√≥n de Renfe 48001 Bilbao Espa√±a ¬∑ P√°gina web ¬∑ Mejora este perfil.', 'La Parada de Bilbao Plaza Circular 2 estamos en la Estaci√≥n de Abando ‚òéÔ∏è Reservas: 944 45 42 62 ‚û°Ô∏è a trav√©s de nuestra web https://www.']"
Gure Toki,Platos y tapas modernos de cocina vasca y vinos regionales en un restaurante chic de estilo industrial.,37000,"4,5",10-20‚Ç¨,,"Pl. Nueva, 12, Ibaiondo, 48005 Bilbao, Biscay","{'mi√©rcoles': ['Cerrado'], 'jueves': ['10:00‚Äì23:00'], 'viernes': ['10:00‚Äì23:00'], 's√°bado': ['10:00‚Äì23:00'], 'domingo': ['10:00‚Äì16:00'], 'lunes': ['10:00‚Äì23:00'], 'martes': ['10:00‚Äì23:00', 'Confirmado por esta empresa hace 2 semanas']}",,"['Nos gust√≥ mucho la experiencia.\nEl sitio est√° bastante bien, con amplia variedad de pintxos. Muy surtido, de‚Ä¶M√°s', 'Fuimos a este local guiados por su buena puntuaci√≥n en est√° app. S√°bado a las 18:30 con la terraza llena y cola, en su mayor√≠a, de extranjeros para pedir un ‚Ä¶‚Ä¶M√°s', 'Muy recomendable. El restaurante estaba s√∫per lleno as√≠ que pedimos para llevar y comimos en la Plaza Nueva, al sol ‚òÄÔ∏èüòé‚Ä¶M√°s']","['hace 6 d√≠as ‚Äî El restaurante Gure Toki est√° puntuado por los viajeros de Tripadvisor seg√∫n las categor√≠as siguientes: Comida: 4.5; Servicio: 4; Calidad/precio...', '0_N0A8241.jpg. 0_N0A8222.jpg. 0_N0A8263.jpg. 0_N0A8267.jpg. 0_N0A8216.jpg. 0_N0A8232.jpg. Panorama_sin_t√≠tulo1.jpg. ongi etorri.', 'En el verano de 2015 abre sus puertas el nuevo Gure Toki una de las referencias gastron√≥micas de Bilbao. Situado en la Plaza Nueva uno de los rincones m√°s...']"
Kubrick Bar Bilbao,Local polivalente como bar restaurante cabaret o sala de fiestas decorado con inspiraci√≥n del cineasta.,16000,"4,0",1-10‚Ç¨,,,"{'mi√©rcoles': ['17:00‚Äì23:00'], 'jueves': ['17:00‚Äì23:00'], 'viernes': ['12:00‚Äì2:00'], 's√°bado': ['12:00‚Äì2:00'], 'domingo': ['11:00‚Äì23:00'], 'lunes': ['17:00‚Äì23:00'], 'martes': ['17:00‚Äì23:00']}",,"['Me encant√≥, fant√°stica la decoraci√≥n, la m√∫sica y el ambiente a rese√±ar tambi√©n las copas que la pusieron muy bien lo √∫nico fue que en la segunda ronda que‚Ä¶M√°s', 'La comida buen√≠sima, much√≠simas opciones veganas y vegetarianas, y sobre todo resaltar la amabilidad y buen rollo del personal! Sobre todo, F√°tima, que es super‚Ä¶M√°s', 'Un lugar que lleva muchos a√±os en el botxo.‚Ä¶M√°s']","['El Kubrick bar Bilbao es un bar pero no s√≥lo un bar. A veces es un restaurante a veces un cabaret otras una sala de fiestas o un sitio de espect√°culos.', 'El restaurante Kubrick Bar est√° puntuado por los viajeros de Tripadvisor seg√∫n las categor√≠as siguientes: Comida: 3.5; Servicio: 3.5; Calidad/precio: 3.5...', '#bar #restaurante #bilbao #picoteo #pintxos #comidasgrupos #fiestas privadas #magia #magos #m√∫sica en directo #bodas #despedidas. kubrickbilbao.es.']"
Swansea Cafeter√≠a Restaurante,,13000,"4,5",1-10‚Ç¨,,"Rodr√≠guez Arias K., 70, Abando, 48013 Bilbo, Bizkaia","{'mi√©rcoles': ['6:00‚Äì24:00'], 'jueves': ['6:00‚Äì24:00'], 'viernes': ['6:00‚Äì24:00'], 's√°bado': ['6:00‚Äì1:00'], 'domingo': ['Cerrado'], 'lunes': ['6:00‚Äì24:00'], 'martes': ['6:00‚Äì24:00']}",946 43 37 48,"['El local desde la calle se ve bien, est√° muy iluminado. Por dentro es acogedor. Hay sof√°s para sentarse y butacas suficientes en la barra. En el exterior tienen‚Ä¶M√°s', 'Mucha gente, sin√≥nimo de desayunos de calidad. Personal muy agradable y trato cercano. 3,5 desayuno de pintxo de tortilla y caf√©. Tortillas de mucha calidad, aunque cuenta con sa‚Ä¶M√°s', 'Una de las mejores cafeter√≠as en Bilbao. Todo el personal super amable... en especial Winston, que nos tuvo mucha pero mucha paciencia. Muchas gracias por todo chicos. En nuestra‚Ä¶M√°s']","['Cafeteria Swansea ¬∑ Calle de Rodriguez Arias 70 Calle de Rodriguez Arias casi esquina Sabino Arana 48013 Bilbao Espa√±a ¬∑ P√°gina web ¬∑ Mejora este perfil.', 'Cafeteria Swansea: Bar Swansea - 148 opiniones y 70 fotos de viajeros y ofertas fant√°sticas para Bilbao Espa√±a en Tripadvisor.', 'Consigue las mejores ofertas para Cafeteria Swansea en Bilbao y conoce la nota y posici√≥n en el ranking de GastroRanking.']"
Restaurante Sua San,Restaurante informal con ensaladas s√°ndwiches y platos principales exclusivos adem√°s de zumos saludables.,31000,"4,2",10-20‚Ç¨,,,"{'mi√©rcoles': ['8:00‚Äì23:00'], 'jueves': ['8:00‚Äì23:00'], 'viernes': ['8:00‚Äì24:00'], 's√°bado': ['9:00‚Äì24:00'], 'domingo': ['9:00‚Äì17:00'], 'lunes': ['8:00‚Äì23:00'], 'martes': ['8:00‚Äì23:00']}",,"['Servicio de 10. Camarero atento y r√°pido.\nLo que comimos bien servido y buen sabor, raciones adecuadas, los postres buenos‚Ä¶M√°s', 'Reservamos para tres personas y a destacar la atenci√≥n del personal y la comida que estaba muy rica. Te dan muchas opciones a elegir en el men√∫ a cual m√°s‚Ä¶M√°s', 'Fuimos a por el brunch y no esper√°bamos tanta cantidad de comida, toda buen√≠sima! Los postres deliciosos y una atenci√≥n de primera. El mejor brunch de Bilbao!‚Ä¶M√°s']","['Abiertos desde primera hora de la ma√±ana con nuestros desayunos y pintxos de lunes a s√°bado Brunch especial con huevos benedictinos previa reserva.', 'Si vienes a Bilbao es un restaurante obligado para visitar Carta variada con una cocina excelente y un servicio y ambiente Fant√°stico.', 'Restaurante. En Bilbao Desayunos Brunch comidas y cenas. Take away. Men√∫ del d√≠a . Pedidos 94 498 77 51. A domicilio @ubereats.']"
El Puertito,,936,"4,3",10-20‚Ç¨,,"Ledesma Musikariaren Kalea, Abando, 48001 Bilbo, Bizkaia","{'mi√©rcoles': ['11:30‚Äì22:00'], 'jueves': ['11:30‚Äì22:00'], 'viernes': ['11:30‚Äì23:00'], 's√°bado': ['11:30‚Äì23:00'], 'domingo': ['11:30‚Äì16:00'], 'lunes': ['11:30‚Äì22:00'], 'martes': ['11:30‚Äì22:00']}",,"['NI SE OS OCURRA VENIR. He sufrido una INTOXICACI√ìN ALIMENTARIA. He mirado en los comentarios del local y hubo otra persona no hace mucho que ha sufrido lo‚Ä¶M√°s', 'Bar especializado en ostras con variedad y calidad. S√∫per frescas y riqu√≠simas. Adem√°s la atenci√≥n es muy buena y el ambiente del local tambi√©n. Muy recomendable‚Ä¶M√°s', 'Siempre hay muy buen ambiente en este local. Las ostras est√°n exquisitas y se presentan de una forma adecuada, elegante y apetecible. Buen, r√°pido y amable servicio.‚Ä¶M√°s']","['Somos especialistas en catering de ostras para eventos desde 2013. Pide presupuesto sin compromiso. Bilbao. C/ Garc√≠a Rivero 9 944 026 254 Contacto Mail...', 'El restaurante El Puertito est√° puntuado por los viajeros de Tripadvisor seg√∫n las categor√≠as siguientes: Comida: 4.5; Servicio: 4.5; Calidad/precio: 4...', 'Es un buen sitio para comer ostras en Bilbao. Las tienen de muchas clases y el vino blanco tambi√©n muy rico . Es peque√±ito y tiene terraza . Si te gustan las...']"
Patio Bilbao,,303,"4,1",10-20‚Ç¨,,"Kalea Manuel Allende, 21, Abando, 48010 Bilbo, Bizkaia","{'mi√©rcoles': ['11:00‚Äì23:00'], 'jueves': ['11:00‚Äì23:00'], 'viernes': ['11:00‚Äì12:00'], 's√°bado': ['0:00‚Äì12:00'], 'domingo': ['0:00‚Äì17:00'], 'lunes': ['11:00‚Äì23:00'], 'martes': ['11:00‚Äì23:00']}",,"['Me ha encantado el establecimiento , muy buen personal , muy amables con comida deliciosa. Viva imagen de calidad precio . Volveremos ‚ù§Ô∏è‚Ä¶M√°s', 'Hemos ido un s√°bado a comer el men√∫ de 14,90‚Ç¨, en principio puede parecer que vas a salir con hambre ya que las raciones no son muy grandes, pero en absoluto.‚Ä¶M√°s', 'Restaurante que cuenta con dos comedores muy armonizados, con espacio y sitio entre mesas. Adem√°s tiene una barra con pinchos para algo r√°pido. Tienen un buen‚Ä¶M√°s']","['El restaurante Patio Bilbao est√° puntuado por los viajeros de Tripadvisor seg√∫n las categor√≠as siguientes: Comida: 3.5; Servicio: 4; Calidad/precio: 4...', 'Buena barra de pintxos cuidada selecci√≥n de vinos y cervezas en un local con encanto y en el que adem√°s disfrutar√°s de una carta original y sabrosa.', 'Buena barra de pintxos selecci√≥n de vinos y cervezas tablas picoteo y una carta original y sabrosa adem√°s de men√∫ del d√≠a y plato express...']"
CAPRICHO,Bar peque√±o con una variada carta de vinos de la tierra y tapas tradicionales.,713,"4,3",10-20‚Ç¨,,,"{'mi√©rcoles': ['9:00‚Äì24:00'], 'jueves': ['9:00‚Äì24:00'], 'viernes': ['9:00‚Äì24:00'], 's√°bado': ['12:00‚Äì24:00'], 'domingo': ['Cerrado'], 'lunes': ['9:00‚Äì24:00'], 'martes': ['9:00‚Äì24:00']}",,"['La mejor tortilla de todo Bilbao sin ninguna duda.\nTe ponen un pintxo enorme, al punto perfecto de jugosidad. Con 2 trozos de pan y‚Ä¶M√°s', 'un lugar para comer hermosa y a muy buen precio. una carta de vino muy amplia. Buen trato. Estaremos a salvo. Usted pide lo que usted pide es un √©xito seguro. como algo menos posit‚Ä¶M√°s', 'Fuimos un d√≠a que quer√≠amos picar algo en plan informal y quedamos ah√≠ para tomar un vino, es peque√±ito y tiene pocas mesas, pero vimos las tapas y raciones que‚Ä¶M√°s']","['Cocina tradicional elaborada y de calidad en Bilbao ¬∑ Llevamos desde 1996 trabajando para deleitar vuestros paladares. Os damos las gracias por habernos hecho...', 'Restaurante sito en la calle Henao n√∫mero 20 de bilbao.', 'El restaurante Capricho de Bilbao est√° puntuado por los viajeros de Tripadvisor seg√∫n las categor√≠as siguientes: Comida: 4.5; Servicio: 4.5; Calidad/precio: 4.5...']"
La Olla de la Plaza Nueva,,27000,"4,3",‚Ç¨‚Ç¨,,"Nueva Plaza, 2, 48005 Bilbo, Bizkaia","{'mi√©rcoles': ['11:00‚Äì22:30'], 'jueves': ['11:00‚Äì22:30'], 'viernes': ['11:00‚Äì23:30'], 's√°bado': ['11:00‚Äì23:30'], 'domingo': ['11:00‚Äì22:30'], 'lunes': ['11:00‚Äì22:30'], 'martes': ['11:00‚Äì22:30']}",,"['Pedimos el men√∫ casco viejo, las tostadas con jam√≥n estaban buenas, el at√∫n rojo marinado espectacular,los gambones a la plancha estaban en su punto... Pero la‚Ä¶M√°s', 'Ayer d√≠a 22 de febrero, fuimos a comer a este restaurante para celebrar el cumple de mi novia y la verdad que de momento es uno de los mejores restaurantes que‚Ä¶M√°s', 'Gran variedad de pinchos repartidos en distintos platos muy decorativos seg√∫n si son de carne/queso/pescado,etc. Esto hace que sea muy f√°cil elegir seg√∫n el‚Ä¶M√°s']","['En el restaurante La Olla de la Plaza Nueva les ofrecemos productos de primer√≠sima calidad que pueden degustar con nuestros pintxos.', 'El restaurante La Olla plaza nueva est√° puntuado por los viajeros de Tripadvisor seg√∫n las categor√≠as siguientes: Comida: 4; Servicio: 4; Calidad/precio: 4...', 'Restaurante La Olla de la Plaza Nueva Olla Nueva; Restaurante Victor Montes ... Dise√±o de interiores por Bilbao Dise√±o ¬∑ Avisos legales condiciones de uso y...']"
Restaurante Enol,,514,"4,6",‚Ç¨‚Ç¨,,"Calle Licenciado Poza / Lizentziatuaren 73, Poza Lizentziatuaren Kalea, 73, 48013 Bilbao, Biscay","{'mi√©rcoles': ['11:00‚Äì18:00'], 'jueves': ['11:00‚Äì23:00'], 'viernes': ['11:00‚Äì23:00'], 's√°bado': ['12:00‚Äì17:00'], 'domingo': ['Cerrado'], 'lunes': ['11:00‚Äì18:00'], 'martes': ['11:00‚Äì18:00']}",944 42 20 95,"['Restaurante ubicado Justo al lado del estadio del atl√©tic.\nDisfrutamos de un buen servicio y una elaboraci√≥n del men√∫ correcta.‚Ä¶M√°s', 'Muy recomendable ir a comer al Enol. La comida est√° espectacular y desde luego que con hambre no te quedas, ya que ponen buenas cantidades.‚Ä¶M√°s', 'A sido especial, todo re que te bueno, el personal estupendo , repetir√©, no lo dudo.']","['Bienvenidos a Enol. Un restaurante situado en el coraz√≥n de Bilbao donde disfrutar de los mejores platos en un agradable ambiente.', 'Ensalada Mixta. 14.00 ‚Ç¨ ; Cecina de Le√≥n. 16.00 ‚Ç¨ ; Jam√≥n Ib√©rico de Bellota. 25.00 ‚Ç¨ ; Lomo Ib√©rico. 18.00 ‚Ç¨ ; Ensalada de Ventresca con Pimientos de Tormantos.', 'Restaurante Enol un restaurante en pleno centro de Bilbao. ... 48013 - Bilbao. 944 42 20 95. S√≠guenos en nuestras Redes!! Este sitio web utiliza cookies para...']"
Bar Restaurante V√≠ctor,Reposter√≠a casera en sal√≥n de estilo cl√°sico con terraza con pintxos y platos bilba√≠nos.,649,"4,1",‚Ç¨‚Ç¨,,,"{'mi√©rcoles': ['9:00‚Äì22:30'], 'jueves': ['9:00‚Äì22:30'], 'viernes': ['9:00‚Äì23:00'], 's√°bado': ['9:30‚Äì23:00'], 'domingo': ['Cerrado'], 'lunes': ['9:00‚Äì22:30'], 'martes': ['9:00‚Äì22:30']}",,"['Comimos abajo en el bar.‚Ä¶M√°s', 'Un bar con buena terraza para tomar el aperitivo. Nosotros, comimos varios pintxos muy ricos, pero el de bacalao estaba algo seco. El personal muy bien, a la altura de lo que se espera ‚Ä¶M√°s', 'Paramos en la terraza ya para finalizar la ruta de pintxos por la zona, nos pedimos una tortilla de bacalao que estaba impresionante y una raci√≥n de rabas a la‚Ä¶M√°s']","['En el Restaurante Victor llevamos desde 1940 sirviendo nuestras especialidades a la carta men√∫s y pintxos en la Plaza Nueva 2 de Bilbao.', 'Restaurante cl√°sico con una renovaci√≥n est√©tica muy acertada para adecuarlo a esta √©poca haci√©ndolo elegante y acogedor. En cuanto a la comida a la carta...', 'Bar Restaurante Victor en Bilbao. El Bar Restaurante Victor est√° situado en la Plaza Nueva en el casco viejo de Bilbao en uno de los rincones m√°s...']"
Bouquet Bilbao Vinos y m√°s,Bar restaurante refinado abierto todo el d√≠a con peque√±os platos sofisticados y carta de vinos.,199,"4,4",1-10‚Ç¨,,,"{'mi√©rcoles': ['8:00‚Äì22:00'], 'jueves': ['8:00‚Äì23:00'], 'viernes': ['8:00‚Äì24:00'], 's√°bado': ['10:00‚Äì24:00'], 'domingo': ['10:00‚Äì16:00'], 'lunes': ['8:00‚Äì22:00'], 'martes': ['8:00‚Äì22:00']}",,"['Local peque√±o y agradable, me tome un caf√© y un pintxo de croqueta de jam√≥n, estaba rico.‚Ä¶M√°s', 'Local acogedor con buena iluminaci√≥n y limpieza.‚Ä¶M√°s', 'Bar con una perfecta barra de pintxos, donde puedes encontrar variedad y buena calidad.‚Ä¶M√°s']","['Bar Bouquet Bilbao vinos y m√°s es un bar de copas y vinos donde podr√°s disfrutar de pintxos y raciones de cocina de KM 0 en pleno Bilbao.', '5 ago 2020 ‚Äî Bouquet Bilbao Vinos y M√°s ¬∑ Puntuaciones y opiniones ¬∑ Detalles ¬∑ Ubicaci√≥n y contacto. Henao Kalea 25 48009 Bilbao Espa√±a.', 'Bouquet Bilbao Vinos y m√°s Bilbao Spain. 444 likes ¬∑ 1 talking about this ¬∑ 171 were here. Local de vinos y copas selectas con una cocina de producto...']"
Molinillo Bilbao,Bar sencillo de pinchos tradicionales cerveza y vino.,718,"3,9",10-20‚Ç¨,,"Ledesma Musikariaren Kalea, 5, Abando, 48001 Bilbo, Bizkaia","{'mi√©rcoles': ['7:30‚Äì24:00'], 'jueves': ['7:30‚Äì24:00'], 'viernes': ['7:30‚Äì2:00'], 's√°bado': ['10:00‚Äì15:00'], 'domingo': ['Cerrado'], 'lunes': ['7:30‚Äì24:00'], 'martes': ['7:30‚Äì24:00']}",,"['Espectacular todo, se nota que cuidan la calidad del g√©nero y de los vinos.\nMuy recomendablr el de cecina y el erizo.‚Ä¶M√°s', 'Calidad buena, pero... lo de poner lista de precios de cara al cliente para cuando? Lo de decir cuanto sale la consumici√≥n para cuando? Lo de dar el ticket para cuando?', 'El sitio de Pintxos que mas nos ha gustado de Bilbao. Muy rico, buen precio y local bonito y acogedor. Muy recomendable.‚Ä¶M√°s']","['Abrir/cerrar la navegaci√≥n. Inicio ¬∑ Pintxos ¬∑ Vinos ¬∑ Tintos ¬∑ Blancos ¬∑ Txakoli ¬∑ Otros ¬∑ Cervezas Artesanales ¬∑ Nuestro Local ¬∑ Eventos y Catering...', 'Cafeteria El Molinillo ¬∑ Puntuaciones y opiniones ¬∑ Detalles ¬∑ Ubicaci√≥n y contacto. C. Ledesma 5 48001 Bilbao Espa√±a.', 'Los mejores pinchos de Bilbao. Variedad y cantidad cada cual m√°s rico y mejor elaborado. Se puede comer a base de pinchos un placer sensorial y gustativo.']"
Cork,,411,"4,6",10-20‚Ç¨,,"Poza Lizentziatuaren Kalea, 45, Abando, 48011 Bilbo, Bizkaia","{'mi√©rcoles': ['12:00‚Äì15:30', '18:00‚Äì22:30'], 'jueves': ['12:00‚Äì15:30', '18:00‚Äì22:30'], 'viernes': ['18:00‚Äì22:30'], 's√°bado': ['18:00‚Äì22:30'], 'domingo': ['Cerrado'], 'lunes': ['12:00‚Äì15:30', '18:00‚Äì22:30'], 'martes': ['12:00‚Äì15:30', '18:00‚Äì22:30', 'Actualizado por tel√©fono hace 5 semanas']}",,"['Contrariados con el desagradable e incomprensible trato, despu√©s de una largu√≠sima espera por nuestro pedido un simple plato de ""revuelto de hongos"", nos traen‚Ä¶M√°s', 'Excelentes pinchos y gran variedad de vinos. Disfrutamos much√≠simo de probar vinos de peque√±os productores y zonas variadas. Totalmente recomendable si te gusta probar‚Ä¶M√°s', 'Penoso servicio. He estado 20 minutos. Yo por mi discapacidad no entro en bares donde no pueda sentarme. He acudido con mi hija de 10 a√±os. Hab√≠a 2 sillas‚Ä¶M√°s']","['Sobre nosotros‚Ä¶ Situada en el n√∫mero 45 de Licenciado Poza en Bilbao CORK es el WINE bar de referencia de la Villa para los amantes del vino.', 'El restaurante Cork est√° puntuado por los viajeros de Tripadvisor seg√∫n las categor√≠as siguientes: Comida: 4.5; Servicio: 5; Calidad/precio: 4.5; Atm√≥sfera: 4.5...', 'Bar - 3274 Followers 332 Following 189 Posts - See Instagram photos and videos from CORK de vinos por Bilbao @corkbilbao']"
Molly Malone,Bancos de madera y aire de pub irland√©s con una bicicleta en local con hamburguesas y cerveza internacional.,16000,"4,2",1-20‚Ç¨,,"Calle Particular de Estraunza, 8, Abando, 48011 Bilbo, Bizkaia","{'mi√©rcoles': ['8:30‚Äì23:00'], 'jueves': ['8:30‚Äì23:00'], 'viernes': ['8:30‚Äì24:00'], 's√°bado': ['0:30‚Äì1:00', '12:00‚Äì2:00'], 'domingo': ['12:30‚Äì23:00'], 'lunes': ['Cerrado'], 'martes': ['8:30‚Äì23:00', 'Actualizado por tel√©fono hace 2 semanas']}",,"['Si lo valoro como pub probablemente le dar√≠a mas estrellas, ya que es un buen local en el que tomar algo por la variedad de cervezas que hay y el buen ambiente.‚Ä¶M√°s', 'La atenci√≥n estupenda. Estuve en una fiesta privada organizada en ese local y ponen todo a su alcance para que salga perfecto. Amables, el catering de calidad. Recomendable pasar un ‚Ä¶M√°s', 'Un pub irland√©s sin Guiness ya no empieza muy bien. Adem√°s nos sirvieron sin avisar que iban a cerrar pronto, cuando en el horario te√≥ricamente a√∫n quedaban‚Ä¶M√°s']","['Molly Malone Irish Gastro Pub Coffee Snack Bar Irish and Basque Food Irish and Basque Beers +34 944395163 Particular de Estraunza 8 Bajo 48011 Bilbao...', 'Ideal para desayunar media ma√±ana y comer sencillo para cenar hay demasiada gente los finde El desayuno de cafe con sandwich es brutal las rabas son...', 'Molly Malone Bilbao ¬∑ P√°gina ¬∑ Pub irland√©s ¬∑ +34 944 39 51 63 ¬∑ mollymalone.info ¬∑ Calificaci√≥n ¬∑ 43 29 opiniones.']"
GildaToki,,914,"4,4",1-10‚Ç¨,,"Estrauntza K., 1, Abando, 48011 Bilbo, Bizkaia","{'mi√©rcoles': ['11:00‚Äì15:30', '17:30‚Äì22:00'], 'jueves': ['11:00‚Äì15:30', '17:30‚Äì22:00'], 'viernes': ['11:00‚Äì15:30', '17:30‚Äì22:00'], 's√°bado': ['11:00‚Äì15:30', '17:30‚Äì22:00'], 'domingo': ['11:00‚Äì15:30'], 'lunes': ['11:00‚Äì15:30', '17:30‚Äì22:00'], 'martes': ['11:00‚Äì15:30', '17:30‚Äì22:00']}",,"['Si quieres probar gildas de todo tipo este es tu lugar. Hay mucha variedad. Tiene una buena terraza, pero eso s√≠, el d√≠a que llueva... Dif√≠cil, por qu√© dentro‚Ä¶M√°s', 'Las gildas riqu√≠simas ,nos gustaron tanto que hemos pedido para llevar dos botes y precio calidad muy bueno.‚Ä¶M√°s', 'Espectacular lugar para probar toda variedad de Gildas.\nEl local es peque√±ito, aunque si hace bueno, tiene una terraza amplia.‚Ä¶M√°s']","['Horario de apertura ¬∑ lun: ¬∑ mar: ¬∑ mi√©: ¬∑ jue: ¬∑ vie: ¬∑ s√°b: ¬∑ dom: 10:00‚Äì15:30...', 'El restaurante GildaToki est√° puntuado por los viajeros de Tripadvisor seg√∫n las categor√≠as siguientes: Comida: 5; Servicio: 4.5; Calidad/precio: 5...', 'Contacto ¬∑ Tel√©fono. 690 00 70 70 ¬∑ Gildatoki Estraunza. Calle Estraunza 1 48011 Bilbao ¬∑ Gildatoki Henao. Henao Kalea 30 48009 Bilbao ¬∑ Lezama. Pol√≠gono La Cruz...']"
Foster's Hollywood,Hamburguesas y comida t√≠pica americana y tex-mex en cadena de diners con decoraci√≥n industrial y de pel√≠culas.,22000,"4,1",10-20‚Ç¨,,,{},,"['La comida est√° bien, no me ha parecido caro el precio. El men√∫ de ni√±os por nueve euros de un principal con postre y bebida est√° bastante bien adem√°s les‚Ä¶M√°s', 'Comida familiar 9 personas. Todo buen√≠simo, a destacar las costillas xxl y los postres; rapidez y buena atenci√≥n por camarero. Precio acorde a la comida. Local muy lleno debido a par‚Ä¶M√°s', 'Fuimos un grupo grande a cenar. Precios muy elevados para la calidad que nos dieron. Puedes comer mucho mejor en otro lado por ese precio.‚Ä¶M√°s']","[""Te apetece comida americana? Vis√≠tanos en Foster's Hollywood en Gran V√≠a L√≥pez de Haro. Inf√≥rmate m√°s y mira la carta aqu√≠."", ""Si buscas restaurantes en Bilbao tu respuesta es Foster's Hollywood. Vis√≠tanos y tendr√°s una experiencia inolvidable. Te esperamos."", ""El restaurante Foster's Hollywood est√° puntuado por los viajeros de Tripadvisor seg√∫n las categor√≠as siguientes: Comida: 3.5; Servicio: 3.5; Calidad/precio: 3...""]"
Baster,,2000,"4,4",1-10‚Ç¨,Tiene terraza¬∑ No se aceptan reservas¬∑ Sillas altas disponibles,"Posta Kalea, 22, Ibaiondo, 48005 Bilbo, Bizkaia","{'mi√©rcoles': ['9:30‚Äì22:00'], 'jueves': ['9:30‚Äì22:00'], 'viernes': ['9:30‚Äì23:00'], 's√°bado': ['9:30‚Äì23:00'], 'domingo': ['9:30‚Äì16:00'], 'lunes': ['9:30‚Äì22:00'], 'martes': ['9:30‚Äì22:00']}",,"['He probado tanto la tortillita de patatas como el bocadillo de calamares y he salido encantado.‚Ä¶M√°s', 'Local con muy buena localizaci√≥n. Tiene la terraza siempre llena, por lo que probablemente toque esperar. El bocata de calamares estaba muy bueno. Local recomendable.‚Ä¶M√°s', 'Aunque siempre se pelea uno ppr encontrar sitio... creo que eso dice mucho. Me encanta este lugar y aunque tenga que esperar un poco vale la pena... ese‚Ä¶M√°s']","['El restaurante Baster Bilbao est√° puntuado por los viajeros de Tripadvisor seg√∫n las categor√≠as siguientes: Comida: 4.5; Servicio: 4.5; Calidad/precio: 4.5...', '¬°Bienvenido a nuestra casa! Pasa a disfrutar de nuestra propuesta gastron√≥mica en pleno casco viejo Bilba√≠no. Pintxos y raciones tradicionales hechas en casa y...', 'Baster Bilbao Lucky Baster ¬∑ P√°gina ¬∑ Bar de tapas y restaurante ¬∑ +34 944 07 12 28 ¬∑ basterbilbao.com ¬∑ Calificaci√≥n ¬∑ 47 165 opiniones.']"
Sagradito,,255,"4,7",1-10‚Ç¨,,"Sabino Arana Etorbidea, 3, Abando, 48013 Bilbo, Bizkaia","{'mi√©rcoles': ['7:30‚Äì20:00'], 'jueves': ['7:30‚Äì21:00'], 'viernes': ['Abierto 24 horas'], 's√°bado': ['Cerrado'], 'domingo': ['Cerrado'], 'lunes': ['7:30‚Äì20:00'], 'martes': ['7:30‚Äì20:00']}",,"['Sagradito, buen cafe y tortilla ,bonito decoracion es un bar muy acogedor , nos gusta bastante, se nota dueno hecho todo con su arte de corazon.se recomiendo...‚Ä¶M√°s', 'No sab√≠a que exist√≠a este bar pero vamos a hacerlo visita habitual!!!! Peque√±o pero con encanto. El camarero S√öPER atento. El desayuno genial de precio y el caf√© riqu√≠simo .‚Ä¶M√°s', 'Estuvimos en el Sagradito, un bar muy acogedor y hospitalario en el qu√© estuvimos degustando las magn√≠ficas tapas, la tortilla de patatas y tomando unos vinos.‚Ä¶M√°s']","['Sitio que te sorprende: buen caf√© tortillay pintxos ricos un trato 10 y un local especial y con encanto. Fecha de la...', 'Desayunos tapeo copas y risas de calidad. Contacto y reservas 608 92 39 13 #sagraditopower. Sabino Arana Etorbidea 3 Bilbao Spain 48013.', 'El Sagradito ¬∑ P√°gina ¬∑ Negocio local ¬∑ +34 608 92 39 13 ¬∑ Calificaci√≥n ¬∑ 49 108 opiniones.']"
Bar Restaurante SILVIA_Antes LA FONDUE,,14,"4,4",,,"Acebal Id√≠goras Kalea, n 6, Abando, 48001 Bilbo, Bizkaia","{'mi√©rcoles': ['7:00‚Äì24:00'], 'jueves': ['7:00‚Äì24:00'], 'viernes': ['7:00‚Äì2:30'], 's√°bado': ['10:00‚Äì2:30'], 'domingo': ['10:00‚Äì24:00'], 'lunes': ['7:00‚Äì24:00'], 'martes': ['7:00‚Äì24:00']}",,"['Muy rico todo üòã lo recomiendo üòú‚Ä¶M√°s', 'Venimos a Cenar y estaba cerrado a pesar de poner abierto hasta las 12. El lugar se llama Kovac. No existe La Fondue', 'Buen restaurante y buena atenci√≥n de Silvia y el personal']","['6 ene 2024 ‚Äî Bar Restaurante SILVIA_Antes LA FONDUE n.¬∫ 594 entre los restaurantes de Bilbao: 16 opiniones y 8 fotos detalladas.', 'La carta actualizada de Bar Restaurante SILVIA_Antes LA FONDUE. Precios y opiniones de los clientes sobre sus platos.', 'Bar Restaurante SILVIA_Antes LA FONDUE es Restaurante en Bilbao: encuentra rese√±as de clientes m√°s actualizadas y toda la informaci√≥n de contacto incluso el...']"
AHOAN,,361,"4,1",10-20‚Ç¨,,"Pl. Nueva, 12, Ibaiondo, 48005 Bilbao, Biscay","{'mi√©rcoles': ['11:30‚Äì22:30'], 'jueves': ['11:30‚Äì22:30'], 'viernes': ['11:30‚Äì24:00'], 's√°bado': ['11:30‚Äì23:30'], 'domingo': ['11:30‚Äì22:30'], 'lunes': ['11:30‚Äì22:00'], 'martes': ['Cerrado']}",,"['Buen sitio de pintxos y raciones en la plaza nueva. Tienen un mont√≥n del opciones sin gluten. El primer d√≠a comimos pintxos hay que pedir m√≠nimo 5 pintxos para‚Ä¶M√°s', 'A todos los celiacos que est√©n en Bilbao: INCREIBLE. Pintxos sin gluten preparados al momento, con una variedad increible!‚Ä¶M√°s', 'Un lugar al que vale la pena ir, seas o no cel√≠aco. Los pinchos sin gluten est√°n muy ricos. Tienes que pedirlos de 5 en 5 porque, dir√≠a, los hacen a partir de‚Ä¶M√°s']","['El restaurante Ahoan est√° puntuado por los viajeros de Tripadvisor seg√∫n las categor√≠as siguientes: Comida: 3.5; Servicio: 4; Calidad/precio: 3.5...', ""plaza nueva 12 Bilbao Spain 48005. Valoraciones's profile picture. Valoraciones. Recomendaciones's profile picture. Recomendaciones. 404 posts"", 'Ahoan Bilbao. Informaci√≥n. Especialidad: pintxos modernos y raciones. Ofrecemos: Carta variada. Consulta opciones veganas. Indispensable: probar el pulpo las...']"
Restaurante Amaren,Platos cl√°sicos servidos en un asador informal con paredes de piedra vista y terraza.,49000,"4,5",‚Ç¨‚Ç¨,,,"{'mi√©rcoles': ['13:00‚Äì1:00'], 'jueves': ['13:00‚Äì1:00'], 'viernes': ['13:00‚Äì1:00'], 's√°bado': ['13:00‚Äì1:00'], 'domingo': ['13:00‚Äì1:00'], 'lunes': ['13:00‚Äì1:00'], 'martes': ['13:00‚Äì1:00']}",,"['El restaurante amaren es una maravilla, tanto por el servicio como por la comida. El personal fue muy profesional y simp√°tico, y nos atendieron con rapidez y‚Ä¶M√°s', 'Magnifico restaurante, comida para 4 personas, seguramente la mejor carne que he comido en mi vida.‚Ä¶M√°s', 'Ten√≠a muchas ganas de probarlo porque hab√≠a o√≠do maravillas ...\nY la verdad es que me he llevado chasco , un pinchazo vamos .‚Ä¶M√°s']","['Restaurante Amaren el templo de la autentica carne de buey en el centro de Bilbao. Campeones nacionales de parrilla. Reservas en 944978906.', 'Carta del restaurante Amaren en el centro de Bilbao calle Diputaci√≥n el templo de la autentica carne de buey. Reservas en el 944 978 906.', 'El restaurante Restaurante Amaren Bilbao est√° puntuado por los viajeros de Tripadvisor seg√∫n las categor√≠as siguientes: Comida: 4.5; Servicio: 4; Calidad/precio...']"
Bar SantaMar√≠a,,14000,"4,6",1-10‚Ç¨,Tiene terraza¬∑ No se aceptan reservas,"Andra Maria Kalea, 18, Ibaiondo, 48005 Bilbo, Bizkaia","{'mi√©rcoles': ['8:30‚Äì23:00'], 'jueves': ['8:30‚Äì23:00'], 'viernes': ['8:30‚Äì24:00'], 's√°bado': ['11:00‚Äì24:00'], 'domingo': ['12:00‚Äì16:00'], 'lunes': ['8:30‚Äì23:00'], 'martes': ['8:30‚Äì23:00']}",,"['Nos hab√≠a recomendado el sitio , nuestra hija. Hemos probado varios tipos de pinchos, cada uno m√°s bueno que el otro. El servicio y la atenci√≥n de las‚Ä¶M√°s', 'Lo vimos de casualidad. Y cada vez que vayamos a Bilbao lo vamos a tener como parada obligatoria, se lo recomiendo a todo el mundo. Tapas a la brasa y variadas.‚Ä¶M√°s', 'Un espect√°culo desde que entras hasta que sales. Ambiente con bullicio pero es que no es para menos, todo el mundo quiere estar all√≠. Los empleados s√∫per‚Ä¶M√°s']","['228 opiniones#35 de 987 restaurantes en Bilbao‚Ç¨‚Ç¨ - ‚Ç¨‚Ç¨‚Ç¨BarMediterr√°neaEuropea. Calle Santa Maria 18 48005 Bilbao Espa√±a +34 944 15 05 34 P√°gina web. Abierto...', 'Excelente bar de tapas las mejores de Bilbao. Gemma muy profesional da gusto verla trabajar s√∫per eficiente. M√°s comentarios en Google.', 'Descubre el bar Santa Mar√≠a donde comer pinchos elaborados al momento en el Casco Viejo de Bilbao.']"
La Taberna Taurina Bilbao,,815,"3,7",1-10‚Ç¨,,"Ledesma Musikariaren Kalea, 5, Abando, 48001 Bilbo, Bizkaia","{'mi√©rcoles': ['8:00‚Äì1:00'], 'jueves': ['8:00‚Äì1:00'], 'viernes': ['8:00‚Äì2:00'], 's√°bado': ['10:00‚Äì3:00'], 'domingo': ['Cerrado'], 'lunes': ['8:00‚Äì1:00'], 'martes': ['8:00‚Äì1:00']}",,"['El bar suele estar bien, pero la camarera de mechas que no quiere poner vasos de agua a√∫n habiendo sacado rondas y poniendo caras y diciendo en alto de malas‚Ä¶M√°s', 'Muy buen ambiente, buenas tapas, lleno de gente hasta la calle incluida, esta en una de las mejores zonas de vinos de Bilbao‚Ä¶M√°s', 'Los servicios indecentes con un olor a pis que echaba patras y el de mujeres cerrado. La camarera saturadisima y ella sola. Tener un local bonito no lo es todo.‚Ä¶M√°s']","['El restaurante Taberna Taurina est√° puntuado por los viajeros de Tripadvisor seg√∫n las categor√≠as siguientes: Comida: 4; Servicio: 4; Calidad/precio: 3.5...', 'Vismolita hosteleria S.L enBilbao ofrece prestaciones y servicios del sector gastron√≥mico.', 'Consigue las mejores ofertas para Taberna Taurina en Bilbao y conoce la nota y posici√≥n en el ranking de GastroRanking.']"
El Ciervo Bilbao,,251,"4,2",10-20‚Ç¨,,"Askao Kalea, 7, Ibaiondo, 48005 Bilbo, Bizkaia","{'mi√©rcoles': ['8:00‚Äì23:00'], 'jueves': ['8:00‚Äì23:00'], 'viernes': ['8:00‚Äì1:00'], 's√°bado': ['8:00‚Äì2:00'], 'domingo': ['8:00‚Äì21:00'], 'lunes': ['8:00‚Äì23:00'], 'martes': ['8:00‚Äì23:00', 'Actualizado por esta empresa hace 11 semanas']}",623 38 76 67,"['Ya han dejado constancia en alguna rese√±a y yo lo corroboro. Atiende una zumbada en este restaurante.‚Ä¶M√°s', 'Nos encant√≥ la comida despu√©s de estar paseando toda la ma√±ana por Bilbao,la camarera encantadora y la gente del lugar muy amable‚Ä¶M√°s', 'Estuvimos hace unas semanas, nos llam√≥ la atenci√≥n desde la calle la variedad de pintxos que ten√≠an en la barra, por lo que decidimos entrar y probar un par de‚Ä¶M√°s']","['El restaurante El Ciervo Bilbao est√° puntuado por los viajeros de Tripadvisor seg√∫n las categor√≠as siguientes: Comida: 3.5; Servicio: 4; Calidad/precio: 3.5...', 'Calle Askao 7 Casco Viejo Bilbao. ""Desayunos pintxos comidas y cenas por reserva"" Tel√©fono de reservas: 623 38 76 67. Pintxos Barra\'s profile picture.', '6 may 2022 ‚Äî El Ciervo Bilbao ¬∑ Direcci√≥n Askao 7 ¬∑ Tel√©fono 62338766 ¬∑ Redes Sociales Instagram ¬∑ Precios Men√∫ del d√≠a: 14 ‚Ç¨. Men√∫ de fin de semana: 18 ‚Ç¨.']"
Caf√© Bar Bilbao,Bar amplio y animado que recuerda a otros tiempos donde se sirven cervezas caf√©s y pinchos vascos presentados en la barra.,29000,"4,4",10-20‚Ç¨,,,"{'mi√©rcoles': ['6:30‚Äì23:00'], 'jueves': ['6:30‚Äì23:00'], 'viernes': ['6:30‚Äì23:00'], 's√°bado': ['9:00‚Äì23:00'], 'domingo': ['9:00‚Äì23:00'], 'lunes': ['6:30‚Äì23:00'], 'martes': ['6:30‚Äì23:00']}",,"['Me result√≥ encantador este sitio, me hab√≠an recomendado otros pero entr√© aqu√≠ y prob√© los mejores pinchos en Bilbao, y muy bien atendida por el personalüëç‚Ä¶M√°s', 'Un lugar ideal para comer pinchos de gran calidad. Los camareros muy atentos y trato cordial. Sin duda, Volveremos!‚Ä¶M√°s', 'Una gran variedad de deliciosos pintxos. Lugar agradable y emblem√°tico para regresar. Amable y r√°pida atenci√≥n. Esta debe ser una parada en itinerario cuando visites Bilbao.‚Ä¶M√°s']","['FUNDADO EN 1911 ¬∑ CAF√â BAR BILBAO ¬∑ Zona de bar ¬∑ Terraza ¬∑ Gran variedad de pinchos. Degusta nuestra amplia variedad de Pinchos y Raciones.', 'El restaurante Cafe Bar Bilbao est√° puntuado por los viajeros de Tripadvisor seg√∫n las categor√≠as siguientes: Comida: 4; Servicio: 4; Calidad/precio: 4...', 'Cafeter√≠a fundada en en 1911 y restaurada en 1992. Uno de los espacios-locales-ambientes m√°s queridos por los bilbainos y al mismo tiempo m√°s a admirados...']"
BTQ - Bilbao Te Quiero,,767,"4,5",‚Ç¨,,"Heros Kalea, 24, Abando, 48009 Bilbo, Bizkaia","{'mi√©rcoles': ['8:00‚Äì23:00'], 'jueves': ['8:00‚Äì23:00'], 'viernes': ['8:00‚Äì24:00'], 's√°bado': ['12:00‚Äì24:00'], 'domingo': ['12:00‚Äì16:00'], 'lunes': ['8:00‚Äì23:00'], 'martes': ['8:00‚Äì23:00']}",,"['Primera vez en Bilbao, ca√≠mos de casualidad tras probar pintxos en varios sitios y nos encant√≥, la amabilidad de los camareros y la calidad precio de lo‚Ä¶M√°s', 'Fui de vacaciones a Bilbao desde Canarias con mi familia. Me pareci√≥ comida de gran nivel, muy buena presentaci√≥n de los platos y mucha cordialidad del‚Ä¶M√°s', 'Comedor no muy grande pero muy ‚Äúa modo‚Äù para comer, mesas bien puestas y sin colores estridentes perfecto para una comida tranquila aunque ese d√≠a nos juntamos‚Ä¶M√°s']","['Restaurante en el centro de Bilbao con cocina de producto local y de calidad. Elaboraciones botxeras con mucho amor. Reservas online.', 'Local c√©ntrico en el que lo mismo puedes parar para tomar una cerveza con algo de picoteo como sentarte en su comedor y disfrutar de su carta.', 'Ya el nombre Bilbao Te Quiero es una declaraci√≥n de intenciones de lo que ofrece esta taberna en una de las zonas m√°s de moda del centro de Bilbao.']"
La Barmacia Bilbao - Copas y c√≥ctel,,424,"4,1",1-10‚Ç¨,,"Villar√≠as Kalea, 5, Abando, 48001 Bilbo, Bizkaia","{'mi√©rcoles': ['10:00‚Äì24:00'], 'jueves': ['10:00‚Äì24:00'], 'viernes': ['10:00‚Äì2:30'], 's√°bado': ['10:00‚Äì3:00'], 'domingo': ['Cerrado'], 'lunes': ['10:00‚Äì24:00'], 'martes': ['10:00‚Äì24:00']}",,"['Sitio con mucho encanto. La m√∫sica me gust√≥ mucho pero creo que lo mejor es l decoraci√≥n del lugar, con un carisma y tono a farmacia que le queda muy bien.‚Ä¶M√°s', 'Muy , muy agradable , en el centro del Bilbao mas comercial , din√°mico, de paso obligado y con terrazas amplias , bulliciosas pero no ruidosas . Caf√©s con muy‚Ä¶M√°s', 'Pido un caf√©, me cobra dos euros, no me da tiket. Le pido por favor que me enchufe el tlfn , con mi cargador, porque me he quedado sin bater√≠a, me responde que‚Ä¶M√°s']","['Qu√© le gusta a User de La Barmacia Bilbao Copas Y C√≥ctel: Un bar muy bonito con un gran vibo de madera y muchos aperitivos curiosos cuelgan como decoraciones.', 'Las copas las preparan muy bien aunque 8‚Ç¨ en un bar me parece excesivo. Leer m√°s ... Gin Fizz Bilbao Cocktail Bar. 78. Bares y discotecas. Abando ¬∑ Berton. 138.', 'Sin duda un ambiente bastante acogedor para disfrutar de excelentes copas una gran variaci√≥n de cervezas importadas y artesanales. Y lo que no puedes faltar un...']"
Zuloa,,479,"4,3",1-10‚Ç¨,,"Areiltza Doktorearen Zumarkalea, 13, Abando, 48009 Bilbo, Bizkaia","{'mi√©rcoles': ['6:00‚Äì23:30'], 'jueves': ['6:00‚Äì0:30'], 'viernes': ['6:00‚Äì3:00'], 's√°bado': ['7:00‚Äì3:00'], 'domingo': ['Cerrado'], 'lunes': ['6:00‚Äì23:30'], 'martes': ['6:00‚Äì23:30']}",,"['Sitio en lugar concurrido. No prob√© los pinchos por eso pongo un 3.\nLa atenci√≥n normal y el local lleno. Me gust√≥ mucho‚Ä¶M√°s', 'Bar peque√±o pero con terraza en el exterior. Pintxos de tortilla ricos, pero no esper√©is una variedad tremenda.‚Ä¶M√°s', 'Tomamos unas buenas cervezas y unas tapas. Todo muy bien‚Ä¶M√°s']","['Sitio muy agradable con una barra de pintxos muy extensa y todos ellos riqu√≠simos. Tambi√©n tienen men√∫ del d√≠a y medio men√∫. El trato es excelente.', 'ZULOA !! Abrimos hoy a las 08:30 horas. Desayunos especiales. Caldo casero. Variedad de pintxos y tortillas. Marianitos preparados. Surtido de fritos caseros', 'Para estar de cervezas y tapeo de lo mejor. El sitio es peque√±o pero tiene buena terraza. Muy agradable y barato tapas 1‚Ç¨ bastante mejores que otros...']"
Crazy Horse,,11000,"4,2",10-20‚Ç¨,,"Unibertsitate Etorb., 5, 48014 Bilbo, Bizkaia","{'mi√©rcoles': ['12:00‚Äì24:00'], 'jueves': ['12:00‚Äì24:00'], 'viernes': ['12:00‚Äì2:00'], 's√°bado': ['12:00‚Äì2:00'], 'domingo': ['12:00‚Äì24:00'], 'lunes': ['12:00‚Äì24:00'], 'martes': ['12:00‚Äì24:00']}",,"['Un sitio s√∫per recomendado, porque aunque era la primera vez que iba en compa√±√≠a de mi hijo y mi pareja me sorprendi√≥ para bien, un ambiente agradable, para‚Ä¶M√°s', 'Las hamburguesas y los sandwiches son enormes, si pides algo para picar pueden comer 2 y hasta 3 personas. Fuimos 8 personas y la verdad que la comida estuvo muy buena y ‚Ä¶M√°s', 'Me da pena tener que poner esta rese√±a siendo un sitio de mis favoritos por la zona de Deusto. La comida sigue bien, igual que siempre, con buen sabor y nunca‚Ä¶M√°s']","['Crazy Horse ¬∑ info@crazyhorse.rocks ¬∑ +34 944 45 46 15...', 'Horario de comidas para llevar o tomar en la terraza o en el local. Lunes a Jueves 13:00 a 16:00 y de 19:00 a 23:00 horas. Cenas de Viernes y S√°bado de 19:00 a...', 'El restaurante Crazy Horse est√° puntuado por los viajeros de Tripadvisor seg√∫n las categor√≠as siguientes: Comida: 3; Servicio: 3; Calidad/precio: 3...']"
El Puertito,Conocido bar de ostras informal con variedades de ostras crudas vino y c√≥cteles.,15000,"4,5",10-20‚Ç¨,,"Garc√≠a Rivero Maisuaren Kalea, 9, Abando, 48011 Bilbo, Bizkaia","{'mi√©rcoles': ['12:00‚Äì22:00'], 'jueves': ['12:00‚Äì22:00'], 'viernes': ['12:00‚Äì23:00'], 's√°bado': ['12:00‚Äì23:00'], 'domingo': ['12:00‚Äì22:00'], 'lunes': ['12:00‚Äì22:00'], 'martes': ['12:00‚Äì22:00']}",,"['Un peque√±o local especializado en ostras. S√≥lo tienen otras , pero de gran variedad y procedencia, y sobre todo muy frescas.‚Ä¶M√°s', 'Las otras que no tienes que perderte si vas a Bilbao.\nLas gallegas por excelencia, irlandesas doradas y las ginardo Francesas!! Por ese orden todo excelente y la atenci√≥n‚Ä¶M√°s', 'Gran sitio, solo tienen ostras, buena variedad y siempre bien parada obligada si vas de pintxos ostra y Moscatto.‚Ä¶M√°s']","['Somos especialistas en catering de ostras para eventos desde 2013. Pide presupuesto sin compromiso. Bilbao. C/ Garc√≠a Rivero 9 944 026 254 Contacto Mail...', 'El restaurante El Puertito est√° puntuado por los viajeros de Tripadvisor seg√∫n las categor√≠as siguientes: Comida: 4.5; Servicio: 4.5; Calidad/precio: 4...', 'Es un buen sitio para comer ostras en Bilbao. Las tienen de muchas clases y el vino blanco tambi√©n muy rico . Es peque√±ito y tiene terraza . Si te gustan las...']"
Cafe Sirimiri Bar,,630,"4,5",10-20‚Ç¨,,"Col√≥n de Larre√°tegui K., 11, Abando, 48001 Bilbo, Bizkaia","{'mi√©rcoles': ['7:00‚Äì23:00'], 'jueves': ['7:00‚Äì23:00'], 'viernes': ['7:00‚Äì23:00'], 's√°bado': ['9:00‚Äì23:00'], 'domingo': ['Cerrado'], 'lunes': ['7:00‚Äì23:00'], 'martes': ['7:00‚Äì23:00']}",,"['Impresionante el servicio, un 10 para ellos üëèüèªüëèüèªüëèüèªüëèüèª el men√∫ tambi√©n muy bueno! Altamente recomendable', 'El trato excelente poco mas y le pido el insta al camarero y mos han dado muy buenos pintxos de forma gratuita, volveremos‚Ä¶M√°s', 'Ambiente perfecto. Totalmente recomendable. Trato del personal espectacular. Volver√≠a a repetir‚Ä¶M√°s']","['El restaurante Caf√© Sirimiri Bar est√° puntuado por los viajeros de Tripadvisor seg√∫n las categor√≠as siguientes: Comida: 4.5; Servicio: 4.5; Calidad/precio: 4.5...', 'Caf√© Sirimiri Bar"" Bilbao. 389 Me gusta ¬∑ 17 personas est√°n hablando de esto ¬∑ 219 personas han estado aqu√≠. Cafeteria-restaurante comida casera buen...', 'Platos Combinados Hamburguesas Bocatas Sandwich Raciones Os esperamos! calle colon de larreateGUI 11 Bilbao Spain 48010.']"
Bar Restaurante Jan&Joan Bilbao,,27,"3,7",‚Ç¨,,"M√°ximo Aguirre Kalea, 16, Abando, 48009 Bilbo, Bizkaia",{},663 39 68 82,"['Muy buena tortilla de patata y caf√©. Lastima la falta de aire acondicionado, y la falta de un buen extractor en la cocina para que el olor a tortilla de patata no penetre en la ropa.', 'Fui para desayunar, suele estar animado pero sirven con rapidez. Sitio limpio y coqueto, vm los pitufos peque√±os pero con buen jam√≥n.', 'Pinchos muy ricos y variados, y al mejor precio de la zona. Tortilla buen√≠sima. El trato muy agradable.']","['Bar Restaurante Jan&Joan Bilbao en Bilbao. M√°ximo Aguirre Kalea 16 Bilbo Bilbao ¬∑ 663 39 68 82. 74. Basado en 27 opiniones encontradas en 1 webs...', '6 ene 2024 ‚Äî En este lugar van a ofrecerte una carta variada basada en la cocina espa√±ola. Sus invitados pueden tomar una tierna tortilla de patata en este...', 'Local donde se vende un poquito de todo a la vieja usanza con productos de alta calidad. Lo mismo puedes comprar el pan unas croquetas tomar caf√©.']"
