title,description,n_reviews,stars_avg,price_range,extra_features,street,opening_hours,phone_number,reviews,extra_content
La Campa de los Ingleses Â· Taberna San MamÃ©s,,867,"4,3",1-10â‚¬,Tiene terraza,"Estadio de San MamÃ©s, P.Âº Rafael Moreno ""Pitxitxi"", s/n, Basurto-Zorroza, 48013 Bilbao, Biscay","{'sÃ¡bado': ['10:00â€“20:00'], 'domingo': ['10:00â€“20:00'], 'lunes': ['9:30â€“20:00'], 'martes': ['9:30â€“20:00'], 'miÃ©rcoles': ['9:30â€“20:00'], 'jueves': ['9:30â€“22:00'], 'viernes': ['9:30â€“22:00']}",944 39 28 08,"['La idea de restaurante es espectacular con las vistas al estadio de San mames. Pero el restaurante estÃ¡ descuidado, poco personal para la.afluencia,sillas con manchas, pintxos de baja calâ€¦MÃ¡s', 'IncreÃ­blemente mal. Cena de empresa, 50y tantas personas. En un principio el local estaba helado porque no podÃ­an cerrar la puerta, que finalmente cerraron yâ€¦MÃ¡s', 'Llenar la barriga mientras disfruta de las mejores vistas de La Catedral, no tiene precio... ğŸ½ï¸ğŸ˜‹â€¦MÃ¡s']","['Si hay un lugar para los amantes del fÃºtbol y del Athletic ese es el bar restaurante de San MamÃ©s Bilbao La campa de los Ingleses.', 'Tanto el servicio como el menÃº de fin de semana es perfecto para una comida en fa000ia y con vistas a San MamÃ©s no se puede pedir mÃ¡s Algo a mejorar en...', 'Local moderno que combina la tradiciÃ³n de los bares tÃ­picos de Bilbao junto con toque vanguardista de calidad que San Mames se merece. Dispone de menÃºs diarios...']"
Geuria! San MamÃ©s Sports Bar,,93,"3,9",1-10â‚¬,Sirve buenos cÃ³ctelesÂ· Hay actuaciones en directoÂ· Se sirve comida en el bar,"San MamÃ©s 14 Rafael Moreno Pitxitxi, s/n, 48013 Bilbao, Biscay","{'sÃ¡bado': ['18:00â€“1:00'], 'domingo': ['12:30â€“17:30'], 'lunes': ['Cerrado'], 'martes': ['Cerrado'], 'miÃ©rcoles': ['Cerrado'], 'jueves': ['18:00â€“24:00'], 'viernes': ['18:00â€“24:00']}",944 39 51 38,"['QuÃ© gozada de espacio, iluminaciÃ³n, pantallas, se vive un ambientazo BRUTAL!!!\nVer el fÃºtbol âš½ï¸ asÃ­ es INCREÃBLEâ€¦MÃ¡s', 'Un dÃ­a de mÃ¡xima afluencia, solo habÃ­a 2 camareras.\nNo habÃ­a bocadillos solo patatas fritas y poco mÃ¡s.â€¦MÃ¡s', 'Tiene muy buena pinta, para ver los partidos. El otro dÃ­a en el derbi imposible entrar. Mucha cola. Pero volverÃ©']","['Es un punto de uniÃ³n entre la cultura y el deporte de nuestra tierra. Geuria! estÃ¡ en el corazÃ³n de Bilbao en pleno estadio San MamÃ©s. ReciÃ©n hecha. y de 10...', 'Geuria San MamÃ©s Bilbao Spain. 247 likes Â· 1 talking about this. El nuevo sports bar de San MamÃ©s âšª. Espacio que combina la experiencia Athletic con...', '8 oct 2022 â€” Geuria Sports Bar Bilbao: Consulta opiniones sobre Geuria Sports Bar con puntuaciÃ³n 1 de 5 y clasificado en Tripadvisor N.Â°1.032 de 1.413...']"
Bar La catedral,,346,"4,2",1-10â‚¬,Tiene terrazaÂ· Sirve buenos cÃ³ctelesÂ· Tiene juegos de mesa,"Calle De, Urkixo Zumarkalea, 102, Basurtu-Zorrotza, 48013 Bizkaia","{'viernes': ['8:00â€“1:00'], 'sÃ¡bado': ['9:00â€“1:00'], 'domingo': ['Cerrado'], 'lunes': ['8:00â€“23:00'], 'martes': ['8:00â€“23:00'], 'miÃ©rcoles': ['8:00â€“23:00'], 'jueves': ['8:00â€“23:00']}",944 39 61 14,"['Pedir un cafÃ© con leche con doble carga de cafÃ© y que te lo pongan largo de agua. A pesar de haber recordado cÃ³mo lo he pedido y la camarera asegurandome de queâ€¦MÃ¡s', 'Pedimos en este establecimiento un bocata de carne y jamÃ³n que estaba regular, mÃ¡s bien algo seco. TambiÃ©n pedimos una hamburguesa que no estaba mal aunque laâ€¦MÃ¡s', 'Una bar justo en frente del estadio San mames(la catedral).Hemos comido unos pintxos de tortilla maravilloso;poco hecho con muy buen sabor;el servicio es muy correcto y loâ€¦MÃ¡s']","['Con vistas al campo de fÃºtbol de San MamÃ©s y a pocos pasos de la Universidad de Ingenieros de Bilbao en nuestro bar restaurante encontrarÃ¡s el mejor ambiente...', 'La Catedral. Bilbao Bizkaia/Vizcaya Alameda Urquijo 102. #hamburguesas #san ... Bar Restaurante La Catedral ofrece una cocina casera y de pinchos en un...', 'Catedral Bar. InformaciÃ³n. Especialidad: Pinchos. Ofrecemos: Desayunos. Indispensable: Probar nuestro menÃº. Conocido por: Nuestra variedad de pinchos y...']"
Restaurante Txelus 2,,136,"4,0",10-20â‚¬,Tiene terrazaÂ· Ideal para ver deportes,"Juan Antonio Zunzunegui Etorb., 12b, Basurtu-Zorrotza, 48013 Bilbo, Bizkaia","{'sÃ¡bado': ['11:00â€“24:00'], 'domingo': ['12:00â€“20:30'], 'lunes': ['8:00â€“19:00'], 'martes': ['8:00â€“19:00'], 'miÃ©rcoles': ['8:00â€“19:00'], 'jueves': ['8:00â€“10:00'], 'viernes': ['8:00â€“10:00']}",944 42 47 49,"['MenÃº del dÃ­a de 14,50â‚¬ de comida casera de calidad con 5 primeros, 5 segundos y varios postres caseros a elegir. Muy buen servicio. Muy recomendableâ€¦MÃ¡s', 'Buenos y variados pintxos. Muy apetecibles.\nLa tortilla jugosa. Buen cafÃ©.\nLocal amplio cerca de Termibus.', 'MenÃº del dÃ­a sÃºper rico, atenciÃ³n buenÃ­sima y lo mejor los postres caseros.']","['Es un restaurante pequeÃ±o cerca de San MamÃ©s con comida tradicional muy bien hecha y con un servicio mÃ¡s allÃ¡ de la excelencia. Es uno de mis restaurantes de...', 'En tres palabras: Honesto calidad y servicio. Contacto. Juan Antonio Zunzunegui 10 Bilbao. 944424749.', 'QuÃ© le gusta a User de Txelus 2 Bar-restaurante: Es un restaurante pequeÃ±o cerca de San MamÃ©s con comida tradicional muy bien hecha y con un servicio mÃ¡s allÃ¡...']"
Jantoki Berria,,355,"4,2",10-20â‚¬,Ideal para ver deportesÂ· Hay menÃº infantil,"San Mames Zumarkalea, 47, bajo, Abando, 48010 Bilbo, Bizkaia",{},946 54 79 13,"['MenÃº perfecto (calidad/precio). El sabor de la comida y la cantidad muy bien. El servicio por parte de los camareros excelente, rÃ¡pidos, atentos y educados.â€¦MÃ¡s', 'Local lleno. Servicio muy amable y ordenado. La cocina normal, lo que es para pedir un menÃº del dÃ­a.â€¦MÃ¡s', 'Muy buena relaciÃ³n calidad/precio, buen servicio, sin esperas, pero recomendable reserva previaâ€¦MÃ¡s']","['UbicaciÃ³n y contacto. Alameda San Mames 47 48010 Bilbao EspaÃ±a. Indautxu.', 'Daily menu menu for 14â‚¬ with bottle of wine. So tasty so fresh! Try mussels here and salad with mushrooms and cheese ; And fast!', 'Jantoki berria Â· PÃ¡gina Â· Restaurante europeo Â· +34 946 54 79 13 Â· jantoki-berria.negocio.site/?utm_source=gmb&utm_medium=referral.']"
Lau Bar Restaurante,,87,"4,9",10-20â‚¬,,"San Mames Zumarkalea, 23, Abando, 48010 Bilbo, Bizkaia","{'sÃ¡bado': ['10:30â€“0:30'], 'domingo': ['10:30â€“16:30'], 'lunes': ['8:00â€“23:00'], 'martes': ['8:00â€“23:00'], 'miÃ©rcoles': ['8:00â€“23:00'], 'jueves': ['8:00â€“23:30'], 'viernes': ['8:00â€“0:30']}",846 66 55 10,"['Sito donde puedes comer y beber bien. El personal de barra y comedor muy buenos.Para repetir en varias ocasionesâ€¦MÃ¡s', 'Todo exquisito comida 10/10 ambiente agradable personal atento probamos variedad y estÃ¡ todo buenÃ­simo sin duda un sitio para volver.â€¦MÃ¡s', 'Muy buen hallazgo, prÃ¡cticamente en el centro de Bilbao, con un menÃº a unos muy asequibles 16 euros. PrÃ¡cticamente una pequeÃ±a carta a precio de menÃº del dÃ­a.â€¦MÃ¡s']","['Lau Bar. Bares-Restaurantes Â· CÃ³mo llegar. DirecciÃ³n. Alameda San MamÃ©s 23 ... Descubre con nuestras rutas guiadas a travÃ©s del comercio un Bilbao que no...', '16 ene 2024 â€” Buena ubicaciÃ³n. Terraza con servicio. Gran variedad de pinchos. Precio normal. Lo mejor de todo la atenciÃ³n por parte de todos los empleados.', 'Bar regentado por hermanos desde hace mÃ¡s de 25 aÃ±os. Las rabas estÃ¡n riquÃ­simas. Barra con unos pintxos que hace querer probarlos todos. Trato excelente.']"
Bar restaurante GABIÃ‘A,,280,"4,6",10-20â‚¬,Tiene terrazaÂ· Ideal para ver deportes,"Poza Lizentziatuaren Kalea, 62, Basurtu-Zorrotza, 48013 Bilbo, Bizkaia",{},946 00 55 65,"['Excelente menÃº. Platos de cuchara como en casa. Servicio muy buenoâ€¦MÃ¡s', 'Mejor sitio de Bilbao para comer. Excelente relaciÃ³n calidad precio... muy recomendableâ€¦MÃ¡s', 'Alucinante los sabores de la comida. Venimos desde Canarias y sin duda nos vamos muy contentosâ€¦MÃ¡s']","['El restaurante Cerveceria GabiÃ±a ofrece comida para llevar? ... Calidad/precio: 3.5. CERVECERIA GABIÃ‘A Bilbao - Fotos NÃºmero de TelÃ©fono y Restaurante Opiniones...', 'CervecerÃ­a GabiÃ±a Bilbao. 15 likes Â· 3 talking about this. Desayunos menÃº del dÃ­a asador de pollos cervecerÃ­a.', '12/01/2024: Bar de categorÃ­a en el barrio de CastaÃ±os. Buen producto y resaltar la atenciÃ³n de los camareros que te hacen sentir en casa. Destacar el buen humor...']"
AlirÃ³n,,551,"4,1",1-10â‚¬,Tiene terrazaÂ· No se aceptan reservasÂ· Se sirve comida en el bar,"Luis BriÃ±as K., 23, Basurtu-Zorrotza, 48013 Bilbo, Bizkaia","{'sÃ¡bado': ['7:00â€“16:00'], 'domingo': ['9:00â€“16:00'], 'lunes': ['7:00â€“23:00'], 'martes': ['7:00â€“23:00'], 'miÃ©rcoles': ['7:00â€“23:00'], 'jueves': ['7:00â€“23:00'], 'viernes': ['7:00â€“23:00']}",946 07 30 61,"['El pincho de tortilla el mejor que probÃ© en Bilbao y San SebastiÃ¡n, es de bonito normal el de jamÃ³n bueno, el de huevo y chorizo tambiÃ©n estaba de locos, toda â€¦â€¦MÃ¡s', 'Estaba buscando un local por esa zona y la verdad es que gustÃ³ bastante, estÃ¡n especializados en pintxos, tienen variedad en barra. Lo que destaca muy â€¦â€¦MÃ¡s', 'Vine aqui para desayunar pronto a la maÃ±ana y es el mejor desayuno que puedo tener; un cafe con un bollo caliente, con un sabor increiblemente bueno. En cuantoâ€¦MÃ¡s']","['AlirÃ³n es una expresiÃ³n utilizada para manifestar de manera eufÃ³rica un objetivo conseguido especialmente en el terreno deportivo.', 'El grito de â€œAlirÃ³nâ€ tiene su origen en la explotaciÃ³n de mineral de hierro en los montes de Triano. La buena ley metÃ¡lica del mineral extraido era confirmada...', ""Es el grito de guerra de los bilbaÃ­nos el que mÃ¡s suena cuando el Athletic Club gana un tÃ­tulo. Se dice que la palabra 'AlirÃ³n' proviene del inglÃ©s 'All...""]"
RESTAURANTE MARINELA,Pescado y marisco vascos como bacalao en salazÃ³n y vinos Rioja y Ribera en un restaurante con decoraciÃ³n de temÃ¡tica nÃ¡utica.,15000,"4,2",10-20â‚¬,Tiene terrazaÂ· Sirve buenos cÃ³ctelesÂ· Hay menÃº infantil,"San Mames Zumarkalea, 43, Abando, 48010 Bilbo, Bizkaia","{'sÃ¡bado': ['10:00â€“24:00'], 'domingo': ['8:00â€“23:00'], 'lunes': ['8:00â€“23:00'], 'martes': ['8:00â€“23:00'], 'miÃ©rcoles': ['8:00â€“23:00'], 'jueves': ['8:00â€“23:00'], 'viernes': ['10:00â€“24:00']}",944 21 50 99,"['He ido en varias ocasiones y siempre opinamos lo mismo. La comida que no siendo nada especial, esta buena, pero sale frÃ­a o templada sobre todo platos de arroz,â€¦MÃ¡s', 'MenÃº de fin de semana noche por 20,7â‚¬ cada uno. Berenjena de txangurro, brocheta de ternera... RiquÃ­simo todo uÃ±a gran atenciÃ³n. Recomendable!!!â€¦MÃ¡s', 'Sin duda uno de los mejores restaurantes en los que he estado. la comida es muy buena, buena calidad, buen precio y personal atento y muy agradable. Pedimos el â€¦â€¦MÃ¡s']","['Ubicado en pleno centro de la villa de Bilbao en Restaurante Marinela podrÃ¡s encontrar un menÃº para cada ocasiÃ³n o se lo confeccionamos a su medida.', 'El restaurante MARINELA estÃ¡ puntuado por los viajeros de Tripadvisor segÃºn las categorÃ­as siguientes: Comida: 3.5; Servicio: 3.5; Calidad/precio: 3.5...', 'Consigue las mejores ofertas para MARINELA en Bilbao y conoce la nota y posiciÃ³n en el ranking de GastroRanking.']"
Restaurante Bar Arrigorri,,158,"4,5",10-20â‚¬,Tiene terrazaÂ· Ideal para ver deportes,"Zorrotza Kastrexana Errepidea, 23, Basurtu-Zorrotza, 48013 Bilbo, Bizkaia","{'viernes': ['10:00â€“1:00'], 'sÃ¡bado': ['10:00â€“1:00'], 'domingo': ['10:00â€“18:00'], 'lunes': ['10:00â€“23:00'], 'martes': ['10:00â€“23:00'], 'miÃ©rcoles': ['10:00â€“23:00'], 'jueves': ['10:00â€“23:00']}",946 57 91 56,"['Un buen sitio donde comer un menÃº del dÃ­a bien hecho y contundente con buen gÃ©nero.los camareros muy simpÃ¡ticos. Comedor amplio y tranquilo y una buena terrazaâ€¦MÃ¡s', 'Agradable descubrimiento en este clasico bar-restaurante de Zorroza. De nueva gestion,100% comida y menu de tradicion de barrio, es decir chuleton, entrecot, â€¦â€¦MÃ¡s', 'Fuimos un fin de semana a comer y muy buen menÃº a muy buen precio. El personal muy amable y atento. Raciones muy generosas.']","['Agradable descubrimiento en este clasico bar-restaurante de Zorroza. De nueva gestion100% comida y menu de tradicion de barrio es decir chuleton entrecot...', 'Restaurante Arrigorri en Bilbao. Carretera Zorroza-Kastrejana 23 Bilbao Â· 946 57 91 56. Las mejores Terrazas.', '1 ene 2024 â€” Agradable descubrimiento en este clasico bar-restaurante de Zorroza. De nueva gestion100% comida y menu de tradicion de barrio es decir...']"
Mariena,,1,"4,0",,,"San Mames Zumarkalea, 43 (bis, Abando, 48010 Bilbo, Bizkaia",{},,"['Buen sitio para desayunar, picar, comer... Exquisitos pintxos con buen trato y ambiente agradable. CÃ©ntrico buena opciÃ³n en Bilbao.']","['En Marina realizamos desde pequeÃ±os proyectos de decoraciÃ³n hasta una reforma integral de tu hogar ... MÃ¡s de cuatro dÃ©cadas en el centro de Bilbao. Miles de...', 'Marina Bilbao. 909 Me gusta Â· 35 personas estÃ¡n hablando de esto Â· 9 personas han estado aquÃ­. DISEÃ‘O Y DECORACIÃ“N EN BILBAO ______ El hogar que...', 'Desde 1979 âœ¨ Haz realidad la cocina de tus sueÃ±os en el centro de Bilbao. Visita nuestro estudio de decoraciÃ³n: @marinaestudio Â· Ercilla 39 Bilbao Spain 48011.']"
San MamÃ©s Jatetxea Â· Restaurante en San MamÃ©s,,227,"4,3",70-80â‚¬,,"P.Âº Rafael Moreno ""Pitxitxi"", SN, Puerta 14, Basurto-Zorroza, 48013 Bilbao, Biscay","{'sÃ¡bado': ['13:00â€“15:30', '20:00â€“22:00'], 'domingo': ['13:00â€“15:30'], 'lunes': ['Cerrado'], 'martes': ['13:00â€“15:30'], 'miÃ©rcoles': ['13:00â€“15:30'], 'jueves': ['13:00â€“15:30'], 'viernes': ['13:00â€“15:30', '20:00â€“22:00']}",,"['La comida nada del otro mundo, las vistas al campo y el ambiente muy agradable.\nNos pusieron kokotxas de aperitivo, que estaban bien.â€¦MÃ¡s', 'Segunda vez que repito y la verdad que excelente. Es un sitio donde bueno alguna vez te puedes dar el gusto pero es caro. Las mollejas con el purÃ© de patata increÃ­ble deliciosa. La Ãºniâ€¦MÃ¡s', 'Comida en un entorno Ãºnico. Restaurante ubicado en San MamÃ©s con unos menÃºs degustaciÃ³n sÃºper completos y con comida muy elaborada. Nosotros pedimos su menÃºâ€¦MÃ¡s']","['Descubre la cocina de autor en el corazÃ³n de San MamÃ©s. La identidad gastronÃ³mica bizkaina en un marco incomparable. Bajo la direcciÃ³n de Fernando Canales...', 'SegÃºn me comenta el restaurante no existe menÃº VIP. Tienen menÃºs para socios entre semana a 39 Euros. Para mÃ¡s informaciÃ³n mira la web del restaurante No me...', 'San Mames Jatetxea Bilbao: Consulta 258 opiniones sobre San Mames Jatetxea con puntuaciÃ³n 45 de 5 y clasificado en Tripadvisor N.Â°87 de 1.206 restaurantes...']"
El rincÃ³n de San Mames,,18,"4,5",,Se sirve comida en el bar,"Juan Antonio Zunzunegui Etorb., 4, Basurtu-Zorrotza, 48013 Bilbo, Bizkaia","{'sÃ¡bado': ['8:00â€“23:00'], 'domingo': ['8:00â€“23:00'], 'lunes': ['7:30â€“22:00'], 'martes': ['7:30â€“22:00'], 'miÃ©rcoles': ['7:30â€“22:00'], 'jueves': ['7:30â€“22:00'], 'viernes': ['8:00â€“23:00']}",946 04 88 10,"['Bar muy pequeÃ±o que se ubica cerca del campo de San Mames y de la estaciÃ³n de autobuses.â€¦MÃ¡s', 'Muy buen sitio, buen precio y terraza genial. Pinchos estupendos', 'Caro pero muy bonito, claro estÃ¡ en SAN MAMES, tiene un menÃº majo']","['16 ene 2024 â€” Este bar sirve cocina china. El rincÃ³n de San Mames te agradarÃ¡ con su casero cerdo. Muchos clientes dicen que el personal es cordial.', 'El rincÃ³n de San Mames en Bilbao. Juan Antonio Zunzunegui Etorb. 4  Biscay Bilbao Â· 946 04 88 10. 90. Basado en 18 opiniones encontradas en 1 webs...', 'La carta actualizada de El rincÃ³n de San Mames pub y bar. Precios y opiniones de los clientes sobre sus platos.']"
CafÃ© Grafit,Tapas pinchos y comida de pub en un bar informal inspirado en la mÃºsica rock donde se celebran conciertos en directo.,22000,"4,3",10-20â‚¬,Tiene terrazaÂ· Ideal para ver deportes,"Urrutia Kalea, 1, Local bajo, Abando, 48010 Bilbao, Biscay","{'viernes': ['8:00â€“2:30'], 'sÃ¡bado': ['10:30â€“2:00'], 'domingo': ['17:00â€“24:00'], 'lunes': ['8:00â€“24:00'], 'martes': ['8:00â€“24:00'], 'miÃ©rcoles': ['8:00â€“24:00'], 'jueves': ['8:00â€“24:00']}",944 10 27 72,"['Estuvo bien. Pedimos unas croquetas que no se si volverÃ­a a pedir porque sin mas. Pero las patatas dado con seis salsas estaban muy buenas. Lo Ãºnico malo fue que la salsa ali oli eâ€¦MÃ¡s', 'Cerca de nuestro hotel, en el centro de Bilbao. Este lugar es ideal para desayunar, tiene pinchitos, la tortilla fabulosa, uyyy y el zumo de naranja deliciosoâ€¦MÃ¡s', 'Hoy ha celebrado mi hijo el cumple con unos amigos. Trato excelente y comida de 10. Da gusto acudir a sitios donde l@s camarer@s vienen siempre con la sonrisa en la cara dâ€¦MÃ¡s']","['CafÃ©Bar SalÃ³n Terraza Bilbao Bizkaia EH.', 'El restaurante Grafit Rock CafÃ© estÃ¡ puntuado por los viajeros de Tripadvisor segÃºn las categorÃ­as siguientes: Comida: 4; Servicio: 4; Calidad/precio: 4...', 'Grafit Rock CafÃ© Â· PÃ¡gina Â· Gastropub Â· +34 944 10 27 72 Â· grafitcafe.com Â· CalificaciÃ³n Â· 42 58 opiniones.']"
Bar CampeÃ³n & Euskallions Taldea,,256,"4,6",1-10â‚¬,Tiene terrazaÂ· Se sirve comida en el barÂ· Tiene happy hour,"Luis BriÃ±as K., 3, Basurtu-Zorrotza, 48013 Bilbo, Bizkaia","{'sÃ¡bado': ['10:30â€“23:00'], 'domingo': ['10:30â€“15:30'], 'lunes': ['Cerrado'], 'martes': ['9:30â€“21:00'], 'miÃ©rcoles': ['9:30â€“21:00'], 'jueves': ['9:30â€“22:00'], 'viernes': ['9:15â€“23:30', 'Confirmado por esta empresa hace 6 semanas']}",946 03 20 31,"['Frente al estadio! La vista espectacular! Donde estÃ¡ la acciÃ³n ğŸ¤©cerveza bien frÃ­a, pintxos muy higiÃ©nicos cerrados en plÃ¡sticoğŸ¥°y la amabilidad y asesoramiento de la gente tras la barra, para â€¦MÃ¡s', 'No se puede sentir mas agusto uno alli. Esti es una mujer especial, trabajadora, d8vertida, amiga de sus amigos y una profesional en lo suyo. Rober su compaÃ±eroâ€¦MÃ¡s', 'Servicio genial.\nPersonal atento y amable.â€¦MÃ¡s']","['Bar CampeÃ³n Bilbao. 662 Me gusta Â· 23 personas estÃ¡n hablando de esto Â· 352 personas han estado aquÃ­. Desayunos y pintxos muy de Bilbao. Tortillas...', '20 feb 2024 â€” Este es el sitio con mejor calidad cerca de Museo Maritimo Ria de Bilbao. Este bar te propone probar unas tortitas de pan atrayentes.', 'El bar Bilbao se encuentra Luis BriÃ±as K. 3 48013 Bilbao. CampeÃ³n & Euskallions Taldea Bilbao en el mapa de Schlouk con toda la informaciÃ³n: horarios de...']"
Restaurante Enol,,513,"4,6",â‚¬â‚¬,,"Calle Licenciado Poza / Lizentziatuaren 73, Poza Lizentziatuaren Kalea, 73, 48013 Bilbao, Biscay","{'sÃ¡bado': ['12:00â€“17:00'], 'domingo': ['Cerrado'], 'lunes': ['11:00â€“18:00'], 'martes': ['11:00â€“18:00'], 'miÃ©rcoles': ['11:00â€“18:00'], 'jueves': ['11:00â€“23:00'], 'viernes': ['11:00â€“23:00']}",944 42 20 95,"['Restaurante ubicado Justo al lado del estadio del atlÃ©tic.\nDisfrutamos de un buen servicio y una elaboraciÃ³n del menÃº correcta.â€¦MÃ¡s', 'Muy recomendable ir a comer al Enol. La comida estÃ¡ espectacular y desde luego que con hambre no te quedas, ya que ponen buenas cantidades.â€¦MÃ¡s', 'A sido especial, todo re que te bueno, el personal estupendo , repetirÃ©, no lo dudo.']","['Bienvenidos a Enol. Un restaurante situado en el corazÃ³n de Bilbao donde disfrutar de los mejores platos en un agradable ambiente.', 'El restaurante Restaurante Enol estÃ¡ puntuado por los viajeros de Tripadvisor segÃºn las categorÃ­as siguientes: Comida: 4.5; Servicio: 4.5; Calidad/precio: 4...', 'Restaurante ubicado Justo al lado del estadio del atlÃ©tic. Disfrutamos de un buen servicio y una elaboraciÃ³n del menÃº correcta. El camarero tuvo el detalle de...']"
CODE Bilbao,Restaurante informal que sirve tapas hamburguesas ensaladas y menÃºs del dÃ­a con carnes y pescados asados o a la parrilla.,14000,"4,1",10-20â‚¬,Tiene terrazaÂ· Sirve buenos cÃ³ctelesÂ· Ideal para ver deportes,"Juan Antonio Zunzunegui Etorb., 7, Basurtu-Zorrotza, 48013 Bilbo, Bizkaia","{'sÃ¡bado': ['10:00â€“24:00'], 'domingo': ['10:00â€“22:00'], 'lunes': ['7:30â€“22:00'], 'martes': ['7:30â€“22:00'], 'miÃ©rcoles': ['7:30â€“22:00'], 'jueves': ['7:30â€“22:00'], 'viernes': ['7:30â€“24:00']}",944 39 23 37,"['Este restaurante cerca de la estaciÃ³n de autobuses estÃ¡ muy bien, el menu del dÃ­a tiene una excelente relaciÃ³n calidad- precio.â€¦MÃ¡s', 'Restaurante con menÃº de fin de semana econÃ³mico con asteriscos, es decir por 19,90â‚¬ incluye primero, segundo, postre, pan y agua pero el agua no es embotellada,â€¦MÃ¡s', 'Sitio agradable para pasar un buen rato ya sea solo, con pareja o amigos. Disfrutar de unas copas y por quÃ© no cenar, aunque yo sÃ³lo estuve ahÃ­ con mi parejaâ€¦MÃ¡s']","['Code Bilbao es un restaurante en el centro de Bilbao en el que podrÃ¡s pedir tu comida a domicilio en Bilbao o recogerla en el local Â¡LlÃ¡manos ahora!', 'Consulta el menÃº de Code Bilbao cada semana cambiamos nuestro menÃº Â¡PodrÃ¡s degustar todas las delicias que realizamos cada semana! Â¡Reserva tu mesa!', 'Consulta la carta de Code Bilbao donde podrÃ¡s ver la carta menÃº y menÃºs para grupos en Bilbao todo en el centro de Bilbao al lado de termibus.']"
Restaurante MarisquerÃ­a Mendata Berria. Cenas y comidas en Bilbao en terraza cubierta climatizada y comedor,,458,"3,9",â‚¬â‚¬,Tiene terrazaÂ· Tiene Wi-FiÂ· Sillas altas disponibles,"San Mames Zumarkalea, 45, Ptl.Bj, Abando, 48010 Bilbao, Biscay",{},944 02 93 76,"['La comida estaba bien, pero hay dos detalles que no me gustaron nada.\n1.- Tanto la carta de comida como la de vinos que tienen coâ€¦MÃ¡s', 'El menÃº especial normal para la fama que tiene la carne, imagino que no entra la selecta en dicho menu', 'Pedimos pulpo, y en el plato venÃ­an 8 trocitos y alguna rodaja de patata. Por 27 euros es demasiado caro. La camarera se enfadÃ³ porque le dijimos que sÃ³loâ€¦MÃ¡s']","['Lo mejor en mariscos carnes pescados y delicatessen frescos y de temporada. En el centro de Bilbao comedor y terraza climatizada. Ver la carta /. #...', 'Comidas. Desayuno Comidas Cenas Bebidas. Ver todos los detalles. comidas ventajas informaciÃ³n general. UbicaciÃ³n y contacto. Alameda San Mames 45 48010...', '21 ene 2024 â€” Restaurante MarÃ­squerÃ­a Mendata Berria n.Âº 203 entre los restaurantes de Bilbao: 564 opiniones y 219 fotos detalladas.']"
Bar Mugi,Restaurante de gestiÃ³n fa000iar que ofrece tapas y bocadillos en un comedor acogedor.,13000,"4,4",10-20â‚¬,Tiene terrazaÂ· Tiene comedor privadoÂ· Sillas altas disponibles,"Poza Lizentziatuaren Kalea, 55, Abando, 48013 Bilbo, Bizkaia","{'sÃ¡bado': ['Cerrado'], 'domingo': ['11:00â€“16:00', '19:00â€“24:00'], 'lunes': ['11:00â€“16:00', '19:00â€“24:00'], 'martes': ['11:00â€“16:00', '19:00â€“24:00'], 'miÃ©rcoles': ['11:00â€“16:00', '19:00â€“24:00'], 'jueves': ['11:00â€“16:00', '19:00â€“24:00'], 'viernes': ['11:00â€“16:00', '19:00â€“24:00']}",944 41 30 16,"['@ mugÃ­ bilbao\nMenudo espectÃ¡culo de pinchos y atenciÃ³n nos atiende lauraâ€¦MÃ¡s', 'Nos gustÃ³ muchÃ­simo , lo encontramos de chiripa dando un paseo buscando donde comer y fuimos en 3 ocasiones , los pinchos riquÃ­simos y la pluma a la brasaâ€¦MÃ¡s', 'ricos, variados punos, y la mejor calidad en la atenciÃ³n del propietario. eso es muy valorado, ya que vengo del sector y es tan complicado encontrar gente que presta atenciÃ³n al pÃºblico.']","['UbicaciÃ³n y contacto. Licenciado poza 55 48013 48013 Bilbao EspaÃ±a. Indautxu.', 'Follow. Message. Mugi Bilbao. Trabajar la calidad es nuestro leitmotiv Working quality is our leitmotiv. 82 posts; 2115 followers; 281 following...', '- El Mugi Bilbao - Bar Alameda Bilbao - Restaurante Gredos - JoyerÃ­a Suarez - Tiendas Laucirica - Gerardo - Bilbao - Veritas Boutique Bilbao - Denis 2000']"
Bar restaurante El Pikeo,,75,"4,2",10-20â‚¬,,"Abaro Estrata, 10, Basurtu-Zorrotza, 48013 Bilbo, Bizkaia","{'sÃ¡bado': ['10:00â€“24:00'], 'domingo': ['11:00â€“22:00'], 'lunes': ['11:00â€“22:00'], 'martes': ['Cerrado'], 'miÃ©rcoles': ['11:00â€“22:00'], 'jueves': ['11:00â€“22:00'], 'viernes': ['10:00â€“24:00']}",660 02 37 42,"['Muy bien lugar!\nLa comida fue excelente, probamos las.empanadas âœŒï¸ğŸ¥©ğŸ±â€¦MÃ¡s', 'Excelente comida buena atenciÃ³n y sobre todo calidad volverÃ­a otro dÃ­a que estÃ© x Bilbaoâ€¦MÃ¡s', 'Imposible comunicarce con ellos , sale el contestador de soy Miguel y no te contesta . Pides por Justin y no se alejan de su zona en fin vaya mal servicio.']","['BAR RESTAURANTE EL PIKEO TE INVITA A DEGUSTAR EL SABROSO CALDO DE SALCHICHA Y LOS ROCOS BOLLOS DE PEZCADO CORVICHE Y MUCHO MAS .... NO TE LO PUEDES PERDER...', '11 feb 2024 â€” El Pikeo n.Âº 953 entre los restaurantes de Bilbao: 15 opiniones y 11 fotos detalladas. LocalÃ­zalo en el mapa y llama para reservar mesa.', 'El Pikeo Bilbao ; Ceviche de Gamba. Popular. 1200 â‚¬ ; Chaulafan. Popular. 1200 â‚¬ ; Bandera. Popular. 1500 â‚¬ ; Encebollado Normal. Popular. 1000 â‚¬ ; Picada...']"
Cantina Mexicana Tapachula,Chimichanga fajitas de camarÃ³n y tequila en restaurante de mesas y taburetes bajos con percheros de flores.,17000,"4,2",20-30â‚¬,Tiene terrazaÂ· Se sirven platos vegetarianosÂ· Tiene Wi-Fi,"San Mames Zumarkalea, 28, bajo, Abando, 48010 Bilbo, Bizkaia","{'sÃ¡bado': ['12:00â€“16:00', '19:30â€“24:00'], 'domingo': ['12:00â€“16:00', '19:30â€“23:00'], 'lunes': ['12:00â€“16:00', '19:30â€“23:00'], 'martes': ['12:00â€“16:00', '19:30â€“23:00'], 'miÃ©rcoles': ['12:00â€“16:00', '19:30â€“23:00'], 'jueves': ['12:00â€“16:00', '19:30â€“23:00'], 'viernes': ['12:00â€“16:00', '19:30â€“24:00', 'Confirmado por esta empresa hace 4 semanas']}",944 44 47 19,"['Muy buen sitio para comer autÃ©ntica comida mexicana, la atenciÃ³n por parte de las camareras fue excelente y los baÃ±os estaban bien a excepciÃ³n de que estabanâ€¦MÃ¡s', 'Comida: Pedimos Chimichanga, Choriqueso, Nachos doble queso y Burrito Tapachula. Todo estaba muy rico, buena presentaciÃ³n y platos contundentes para compartir.â€¦MÃ¡s', 'Excelente es poco! La comida estaba increÃ­ble, pero lo que mÃ¡s destaca es la atenciÃ³n y el ambiente del sitio. Es un lugar sÃºper recomendable, si les pudiese poner mÃ¡s estrellas no lo dudarÃ­a.']","['DE 12:00 a 17:00 y 19.30 a 00.00. para recibirle cualquier dÃ­a con los brazos abiertos y la mesa puesta pero...', 'El restaurante Cantina Mexicana Tapachula estÃ¡ puntuado por los viajeros de Tripadvisor segÃºn las categorÃ­as siguientes: Comida: 3.5; Servicio: 3.5; Calidad/...', 'Restaurante Mexicano en Bilbao. TAPACHULA un pedacito de en el botxo. SINCE 1996 Calle Alameda San Mames 28Indautxu. 94 4444 719.']"
BriÃ±as,,707,"4,0",1-10â‚¬,,"PÃ©rez GaldÃ³s K., 54, Basurtu-Zorrotza, 48013 Bilbo, Bizkaia","{'sÃ¡bado': ['8:00â€“20:00'], 'domingo': ['Cerrado'], 'lunes': ['6:00â€“22:00'], 'martes': ['6:00â€“22:00'], 'miÃ©rcoles': ['6:00â€“22:00'], 'jueves': ['6:00â€“22:00'], 'viernes': ['6:00â€“22:00']}",,"['Mientras esperaba al autobÃºs decidÃ­ ir aquÃ­ a por un pincho de tortilla en vez de quedarme en los bares de la estaciÃ³n. Acierto total, la tortilla estÃ¡ deliciosa. Vale la pena ir solo por eso.â€¦MÃ¡s', 'He desayunado varias veces en esta cafeterÃ­a muy concurrida y la verdad es que nunca la he visto vacÃ­o el local y eso querrÃ¡ decir algo. Tiene una buena barra â€¦â€¦MÃ¡s', 'Un lugar ideal para ir, con buen cafe y buena comida. Hemos ido varios dÃ­as a desayunar y nos ha gustado mucho. El unico pero, a pesar del buen trato y que el â€¦â€¦MÃ¡s']","['Cafe Bar BriÃ±as Â· Puntuaciones y opiniones Â· Detalles Â· UbicaciÃ³n y contacto. PÃ©rez GaldÃ³s Kalea 54 48013 Bilbao EspaÃ±a.', 'Un local junto a la estaciÃ³n de autobuses de Bilbao atenciÃ³n genial pinchos asequibles y bocadillos pequeÃ±os muy sabrosos una experiencia completa cerca de...', 'Â¿Acabas de llegar a Bilbao y necesitas comerte un pintxo de verdad? Prueba en el bar BriÃ±as un local a tiro de piedra de la estaciÃ³n de Termibus donde te...']"
Bar Cafe Pacifico,,201,"4,4",10-20â‚¬,Tiene terrazaÂ· Ideal para ver deportesÂ· Se admiten perros en el exterior,"Luis BriÃ±as K., 3, Basurtu-Zorrotza, 48013 Bilbo, Bizkaia","{'sÃ¡bado': ['10:00â€“19:00'], 'domingo': ['Cerrado'], 'lunes': ['10:00â€“18:00'], 'martes': ['10:00â€“18:00'], 'miÃ©rcoles': ['10:00â€“18:00'], 'jueves': ['10:00â€“18:00'], 'viernes': ['10:00â€“18:00']}",946 96 07 37,"['ğŸ‘\nPedimos dos menÃºs, uno con sancocho de falda que estaba con mucho sabor, y deâ€¦MÃ¡s', 'Lugar pequeÃ±o pero con mucho encanto, donde degustar comida colombiana. Si no quieres coger menÃº, tienen empanadas, aborrajados de carne, aborrajados de dulceâ€¦MÃ¡s', 'Deliciosa comida y buena atenciÃ³n.. un lugar muy acogedor donde se degustara el paladar con los sabores de nuestra tierra..ğŸ‡¨ğŸ‡´ sin duda alguna cuando vuelva a Bilbao volverÃ© a eâ€¦MÃ¡s']","['Sabores del PacÃ­fico con un alma urbana ven a Pacifico Bilbao en Alameda Rekalde y degusta nuestra carta de sushi baos o especialidades.', 'Bar Cafe Pacifico Â· Puntuaciones y opiniones Â· Comida y ambiente Â· UbicaciÃ³n y contacto. Calle de BriÃ±as 3 48013 Bilbao...', 'UbicaciÃ³n y contacto. Alameda Rekalde 48011 Bilbao EspaÃ±a. Indautxu. A...']"
El Huevo Berria,DecoraciÃ³n del Athletic Club y barra de pintxos en una cafeterÃ­a moderna con ensaladas y taburetes altos.,13000,"4,1",1-10â‚¬,Tiene terrazaÂ· No se aceptan reservas,"Poza Lizentziatuaren Kalea, 65, Abando, 48013 Bilbo, Bizkaia","{'viernes': ['10:30â€“1:00'], 'sÃ¡bado': ['10:30â€“1:00'], 'domingo': ['Cerrado'], 'lunes': ['8:00â€“23:00'], 'martes': ['8:00â€“23:00'], 'miÃ©rcoles': ['8:00â€“23:00'], 'jueves': ['8:00â€“24:00']}",944 27 13 48,"['El mejor sitio para comer de todo Bilbao!!!! Los pintxos buenÃ­simos y las chicas de barra no podrÃ­an ser mÃ¡s simpÃ¡ticas! 10000/10â€¦MÃ¡s', 'Buen sitio para comer barato si estas por la zonaâ€¦MÃ¡s', 'Sandwich de txaka ğŸ¦€. Seguro que hay mejores pintxos que probarÃ© la prÃ³xima vez.â€¦MÃ¡s']","['El restaurante Huevo Berria estÃ¡ puntuado por los viajeros de Tripadvisor segÃºn las categorÃ­as siguientes: Comida: 4; Servicio: 3.5; Calidad/precio: 3...', 'El huevo berria Â· PÃ¡gina Â· Bar de tapas y restaurante Â· +34 944 27 13 48 Â· elhuevoberria.com Â· CalificaciÃ³n Â· 48 28 opiniones Â· PublicaciÃ³n fijada.', 'Tu bar de Pintxos cerca de San MamÃ©s. Comparte tus visitas con nosotros. Calle del Licenciado Poza 65 Bilbao Spain 48013. www.elhuevoberria.com.']"
Restaurante JaponÃ©s - IPINDO,,643,"4,2",10-20â‚¬,Se sirven platos vegetarianosÂ· Tiene Wi-FiÂ· Sillas altas disponibles,"San Mames Zumarkalea, 39, Abando, 48010 Bilbo, Bizkaia","{'sÃ¡bado': ['11:30â€“16:30', '19:30â€“24:00'], 'domingo': ['11:30â€“16:30', '19:30â€“24:00'], 'lunes': ['11:30â€“16:30', '19:30â€“24:00'], 'martes': ['11:30â€“16:30', '19:30â€“24:00'], 'miÃ©rcoles': ['11:30â€“16:30', '19:30â€“24:00'], 'jueves': ['11:30â€“16:30', '19:30â€“24:00'], 'viernes': ['11:30â€“16:30', '19:30â€“24:00']}",944 05 04 49,"['Un restaurante muy bonito, con una decoraciÃ³n muy cuidada, un ambiente acogedor y cÃ¡lido, y con una iluminaciÃ³n relajante. Fuimos a comer varias amigas yâ€¦MÃ¡s', 'Muy buen menÃº del dÃ­a, buena calidad precio.', 'Comida riquÃ­sima. Buena calidad y atenciÃ³n. Para repetir sin duda.â€¦MÃ¡s']","['74 opiniones#404 de 987 restaurantes en Bilbaoâ‚¬â‚¬ - â‚¬â‚¬â‚¬JaponesaSushiAsiÃ¡tica. Alameda de San Mames 39 48010 Bilbao EspaÃ±a +34 944 05 04 49 PÃ¡gina web.', 'Alameda de San Mames 39 48010 Bilbao Horario: 11:30 ~ 16:30 / 19:30 ~ 24:00. Copyright Restaurante Ipindo Â© 2017 Powered by WebgoShopâ„¢ 3.1.0 A1å¹¿å‘Š.', 'Fuimos a comer porque tenÃ­amos antojo de comida asiÃ¡tica. El menÃº muy variado con varios platos a elegir entrante primero segundo y postre 11â‚¬. AdemÃ¡s...']"
El Informal,,595,"4,2",â‚¬â‚¬,Sirve buenos cÃ³ctelesÂ· Se sirven platos veganosÂ· Hay menÃº infantil,"MarÃ­a DÃ­az Haroko K., 7, Abando, 48013 Bilbo, Bizkaia","{'viernes': ['9:00â€“1:00'], 'sÃ¡bado': ['11:00â€“2:00'], 'domingo': ['Cerrado'], 'lunes': ['9:00â€“17:00'], 'martes': ['9:00â€“22:00'], 'miÃ©rcoles': ['9:00â€“22:00'], 'jueves': ['9:00â€“1:00', 'Confirmado por telÃ©fono hace 5 semanas']}",683 26 74 73,"['Me gustÃ³ el secreto, todo bastante bien. Fui con mi familia y el sitio muy agradable. Buen servicio. Tengo 8 aÃ±os. Recomendable venir si estÃ¡s en Bilbao. Yo vine con mis papis a ver ojetâ€¦MÃ¡s', 'Elegimos un menÃº de fin de semana, el de 36â‚¬ y muy bien, buenas raciones y muy variado. Lo recomiendo al 100%. Luego tienen otro menÃº mÃ¡s caro pero mÃ¡s â€¦â€¦MÃ¡s', 'Todo muy bien, pero el camarero de la camiseta azul del Athletic se ha portado borde por un comentario del menÃº que no venÃ­a a cuento']","['El informal es un restaurante bar y cafeterÃ­a situado muy cerca de la Gran VÃ­a de Bilbao en la cÃ©ntrica calle MarÃ­a DÃ­az de Haro. SorprÃ©ndase con la...', 'El restaurante El Informal estÃ¡ puntuado por los viajeros de Tripadvisor segÃºn las categorÃ­as siguientes: Comida: 4.5; Servicio: 4.5; Calidad/precio: 4.5...', 'Pareltje! Heel hartelijke ontvangst superlekkere tapas en sfeervol interieur en leuke muziek! Onze beste restaurant-ervaring in Bilbao.']"
Zaka Restaurante,Restaurante a la Ãºltima decorado con un estilo retro que sirve pinchos de salmÃ³n curado y carrillera de cerdo vino y cÃ³cteles.,26000,"4,3",20-30â‚¬,Tiene terrazaÂ· Sirve buenos cÃ³ctelesÂ· Ideal para ver deportes,"SimÃ³n BolÃ­var Kalea, 11, Abando, 48011 Bilbo, Bizkaia","{'viernes': ['7:30â€“1:00'], 'sÃ¡bado': ['11:00â€“1:00'], 'domingo': ['11:00â€“24:00'], 'lunes': ['7:30â€“24:00'], 'martes': ['7:30â€“24:00'], 'miÃ©rcoles': ['7:30â€“24:00'], 'jueves': ['7:30â€“0:30']}",944 01 45 61,"['Sitio magnÃ­fico en Bilbao con un menÃº extraordinario.\nCocina de calidad y materia prima excelente.â€¦MÃ¡s', 'El lugar en sÃ­ es agradable, aunque los turnos de comida obligan a comer de forma apresurada.â€¦MÃ¡s', 'Muy buena experiencia , todo sÃºper bien estudiando y equilibrado ! El arroz riquÃ­simo , la carne es carnaza rica y la tarta de queso es elite ! Muchas gracias volveremos â™¥ï¸']","['Zaka cocina de aquÃ­ y de siempre. Carta variada compuesta de raciones para compartir carnes pescados platos tÃ­picos en Indautxu Bilbao.', 'Tienen un menÃº del dÃ­a variado muy rico y a muy bien precio. Las cantidades son generosas y el sitio muy amplio y bonito.', 'Zaka Restaurante Â· Page Â· Tapas Bar & Restaurant Â· +34 944 01 45 61 Â· zakarestaurante.com Â· Rating Â· 4.3 182 Reviews.']"
Restaurante Sua San,Restaurante informal con ensaladas sÃ¡ndwiches y platos principales exclusivos ademÃ¡s de zumos saludables.,31000,"4,2",10-20â‚¬,Tiene terrazaÂ· Se sirven platos veganosÂ· Tiene Wi-Fi,"Mazarredo Zumarkalea, 79, Abando, 48009 Bilbo, Bizkaia","{'sÃ¡bado': ['9:00â€“24:00'], 'domingo': ['9:00â€“17:00'], 'lunes': ['8:00â€“23:00'], 'martes': ['8:00â€“23:00'], 'miÃ©rcoles': ['8:00â€“23:00'], 'jueves': ['8:00â€“23:00'], 'viernes': ['8:00â€“24:00']}",944 98 77 51,"['Restaurante muy bonito y muy bien ubicado cerca al museo Guggenheim de Bilbao. DecoraciÃ³n muy bien lograda y ambiente tranquilo. La comida muy sabrosa y a muy â€¦â€¦MÃ¡s', 'Servicio de 10. Camarero atento y rÃ¡pido.\nLo que comimos bien servido y buen sabor, raciones adecuadas, los postres buenosâ€¦MÃ¡s', 'Reservamos para tres personas y a destacar la atenciÃ³n del personal y la comida que estaba muy rica. Te dan muchas opciones a elegir en el menÃº a cual mÃ¡sâ€¦MÃ¡s']","['Abiertos desde primera hora de la maÃ±ana con nuestros desayunos y pintxos de lunes a sÃ¡bado Brunch especial con huevos benedictinos previa reserva.', 'Si vienes a Bilbao es un restaurante obligado para visitar Carta variada con una cocina excelente y un servicio y ambiente FantÃ¡stico.', 'Restaurante. En Bilbao Desayunos Brunch comidas y cenas. Take away. MenÃº del dÃ­a . Pedidos 94 498 77 51. A domicilio @ubereats. MAZARREDO 79 Bilbao Spain...']"
Restaurante Karmelo,Restaurante sofisticado en el que se preparan selectos platos de marisco lasaÃ±a y arroces.,597,"4,2",10-20â‚¬,Sirve buenos cÃ³ctelesÂ· Sillas altas disponibles,"JosÃ© MarÃ­a de Escuza Kalea, 27, Abando, 48013 Bilbo, Bizkaia","{'sÃ¡bado': ['0:30â€“1:00', '11:00â€“1:00'], 'domingo': ['11:00â€“23:00'], 'lunes': ['7:30â€“23:30'], 'martes': ['7:30â€“23:30'], 'miÃ©rcoles': ['7:30â€“23:30'], 'jueves': ['7:30â€“23:30'], 'viernes': ['7:30â€“24:00', 'Actualizado por telÃ©fono hace 5 semanas']}",944 39 21 84,"['Sencillamente genial.\nEl local de gran nivel.â€¦MÃ¡s', 'Pedimos dos menÃºs del dÃ­a un viernes. HacÃ­a mucho que lo tenÃ­a apuntado pero esperaba a ir entre semana porque el fin de semana suben mucho el precio.â€¦MÃ¡s', 'Sitio muy bonito y elegante, personal muy amable, los platos llegaban rÃ¡pido, el menÃº es mÃ¡s conveniente a nivel de precio que la carta y sales sin hambre, laâ€¦MÃ¡s']","['En Karmelo se da de comer y se da como nos gusta sin artificios. Una cocina de autor sin alejarnos nunca de la tradiciÃ³n. Jose MarÃ­a Escuza 27 Bilbao.', 'Muy buen menÃº del dÃ­a con varios platos a elegir. El servicio rÃ¡pido y muy atento. Todo riquÃ­simo con una tarta de queso espectacular.', 'Restaurante Karmelo: MenÃº del dÃ­a de alto nivel - 98 opiniones y 74 fotos de viajeros y ofertas fantÃ¡sticas para Bilbao EspaÃ±a en Tripadvisor.']"
La Karola,,1000,"4,3",1-10â‚¬,Tiene terrazaÂ· Sirve buenos cÃ³ctelesÂ· Se sirve comida en el bar,"Olabeaga Kaia, 22, Basurtu-Zorrotza, 48013 Bilbo, Bizkaia","{'sÃ¡bado': ['12:00â€“24:00'], 'domingo': ['12:00â€“24:00'], 'lunes': ['Cerrado'], 'martes': ['12:00â€“23:00'], 'miÃ©rcoles': ['12:00â€“24:00'], 'jueves': ['12:00â€“24:00'], 'viernes': ['12:00â€“24:00']}",946 12 86 36,"['Local situado a orillas de la rÃ­a cerca del museo marÃ­timo en el popular barrio bilbaino de Olabeaga, tiene terraza exterior mÃ¡s otra zona de mesas con bancos y â€¦â€¦MÃ¡s', 'Un lugar recomendable para picar algo, el pulpo a la brasa excepcional. Los camareros geniales, agradables y atentos. Volveremos.', 'Muy buena comida y el servicio encantador y cercano. Fuimos en familia a comer y pedimos: Surtido de ibÃ©ricos, ensalada variada(De 10), croquetas (jamÃ³n,â€¦MÃ¡s']","['El restaurante La Karola estÃ¡ puntuado por los viajeros de Tripadvisor segÃºn las categorÃ­as siguientes: Comida: 4; Servicio: 4; Calidad/precio: 4...', 'La Karola ademÃ¡s de la famosa grÃºa tambiÃ©n es un bar que se encuentra en el barrio de Olabeaga. Este barrio es conocido con el sobrenombre de Noruega por la...', 'La Karola Berria !! Ven y pregunta por la gran oferta de vinos que disponemos de Bodegas AltÃºn  podrÃ¡s disfrutar ademÃ¡s de la gran variedad de Vinos de...']"
Restaurante Viejo Zortzi,Cocina vasca con sello del chef en una elegante taberna con ladrillo visto y tienda de vinos.,615,"4,4",,,"Poza Lizentziatuaren Kalea, 54, Abando, 48013 Bilbo, Bizkaia","{'sÃ¡bado': ['13:00â€“23:00'], 'domingo': ['Cerrado'], 'lunes': ['13:00â€“23:00'], 'martes': ['13:00â€“23:00'], 'miÃ©rcoles': ['13:00â€“23:00'], 'jueves': ['13:00â€“23:00'], 'viernes': ['13:00â€“23:00']}",944 41 92 49,"['Hemos pedido un besugo que estaba buenÃ­simo. Nos avisaron muy pronto de que lo tenÃ­an hecho y encima nos recomendaron como comerlo en buena temperatura. Sin duda si quiâ€¦MÃ¡s', 'Me invito un amigo a su restaurante favorito de Bilbao, o sea ya iba con altas expectativas. Excelente el Rodaballo. El mejor pescado que he comido en mi vida. Espectaculares lâ€¦MÃ¡s', 'Excelente cocina.â€¦MÃ¡s']","['TambiÃ©n podrÃ¡s disfrutar en nuestra barra de un lugar Ãºnico en Bilbao para tomar tapas elaboradas al momento y la posibilidad de degustar de una gran selecciÃ³n...', 'Sitio tradicional muy buena comida tÃ­pica vasca. Buen pescado y gran selecciÃ³n de vinos. Un restaurante para disfrutar en todos los sentidos. Personal amable y...', 'El Restaurante El Viejo Zortzi estÃ¡ situado en el barrio de Indautxu en Bilbao. Por eso recuerda una vieja taberna refinada y acogedora decorada con piezas...']"
Ziklo Bar Cafe,,50,"4,7",,Tiene terrazaÂ· Sirve buenos cÃ³ctelesÂ· Se sirve comida en el bar,"Ziklo Bar Cafe, San Mames Zumarkalea, 11, Abando, 48010 Bilbo, Bizkaia","{'sÃ¡bado': ['9:00â€“15:00'], 'domingo': ['10:00â€“15:00'], 'lunes': ['6:30â€“21:00'], 'martes': ['6:30â€“21:00'], 'miÃ©rcoles': ['6:30â€“16:00'], 'jueves': ['6:30â€“21:00'], 'viernes': ['6:30â€“21:30']}",641 45 30 59,"['Sigue sierdo un fabuloso bar-cafÃ© al lado de la alhondiga bilbaina. El bar lo lleva un chico estupendo, Richard, que estÃ¡ siempre atento a todo y todos. Laâ€¦MÃ¡s', 'Local encantador, el encanto de la hostelerÃ­a esta detras de la barra siempre.\nAtencion de 10, muy atento a sus clientesâ€¦MÃ¡s', 'Esta maÃ±ana hemos desayunado aquÃ­. Y estaba el cafÃ© muy bueno y el chocolate con churros tambiÃ©n. El chico muy amable. Y todo limpÃ­simo. Un lugar agradable.â€¦MÃ¡s']","['Ziklo Bar Cafe. MenÃº. Inicio Â· Reserva Â· MenÃº Picoteo Â· GalerÃ­a Â· Nosotros Â· MÃ©todos de pago ... Contacto. Tfno: 641453059. Alda San mamÃ©s 11 48010 Bilbao...', ""Alameda San mames11 Bilbao Spain 48010. www.ziklobarcafe.com. Guru 2021's profile picture. Guru 2021. Nuestra Carta's profile picture. Nuestra Carta."", 'Ziklo Bar CafÃ© Â· Page Â· Lounge Â· +34 641 45 30 59 Â· wa.me/message/UYMKE6E7NBOWA1 Â· Not yet rated 3 Reviews.']"
El plaza de indautxu,,394,"3,9",10-20â‚¬,Tiene terrazaÂ· Sillas altas disponibles,"Santimami Zumarkalea, 46, Abando, 48010 Bilbo, Bizkaia","{'sÃ¡bado': ['6:00â€“0:30'], 'domingo': ['6:00â€“0:30'], 'lunes': ['Cerrado'], 'martes': ['6:00â€“0:30'], 'miÃ©rcoles': ['6:00â€“0:30'], 'jueves': ['6:00â€“0:30'], 'viernes': ['6:00â€“0:30']}",946 00 03 41,"['Un lugar donde comer un buen menÃº del dÃ­a con un servicio muy agradable,lo recomiendo si estÃ¡s por la zona,no te defraudarÃ¡.â€¦MÃ¡s', 'En agosto fuimos un par de veces a comer el menÃº del dÃ­a. Me parece una muy buena opciÃ³n en la zona: menÃº variado, de buena calidad y a un precio razonable, 14 â€¦â€¦MÃ¡s', 'He ido en fin de semana y me han atendido y servido super rapido. SÃ²lo 16 euros el menÃ¹ de fin de semana! Y se come estupendo. Los garbanzos muy buenosğŸ‘ El â€¦â€¦MÃ¡s']","['El restaurante El Plaza de Indautxu estÃ¡ puntuado por los viajeros de Tripadvisor segÃºn las categorÃ­as siguientes: Comida: 3.5; Servicio: 3.5; Calidad/precio:...', 'Precio? En consonancia con el entorno con menÃº diario extenso y variado a 14â‚¬ bebida solo agua y vino sencillo/gaseosa. Instalaciones? Sendos pequeÃ±os...', 'La plaza Indautxu es una plaza cÃ©ntrica ubicada en la alameda de Gregorio de la Revilla de Bilbao. Plaza Indautxu. Plaza Indautxu con la iglesia de Nuestra...']"
Patio Bilbao,,302,"4,1",10-20â‚¬,Tiene terrazaÂ· Tiene Wi-FiÂ· Sillas altas disponibles,"Kalea Manuel Allende, 21, Abando, 48010 Bilbo, Bizkaia","{'sÃ¡bado': ['0:00â€“12:00'], 'domingo': ['0:00â€“17:00'], 'lunes': ['11:00â€“23:00'], 'martes': ['11:00â€“23:00'], 'miÃ©rcoles': ['11:00â€“23:00'], 'jueves': ['11:00â€“23:00'], 'viernes': ['11:00â€“12:00']}",946 07 52 76,"['(translated by google) we went to lunch on Saturday to bilbao to get out of these routines of communal restrictions we have today, with access only to â€¦â€¦MÃ¡s', 'Me ha encantado el establecimiento , muy buen personal , muy amables con comida deliciosa. Viva imagen de calidad precio . Volveremos â¤ï¸â€¦MÃ¡s', 'Hemos ido un sÃ¡bado a comer el menÃº de 14,90â‚¬, en principio puede parecer que vas a salir con hambre ya que las raciones no son muy grandes, pero en absoluto.â€¦MÃ¡s']","['El restaurante Patio Bilbao estÃ¡ puntuado por los viajeros de Tripadvisor segÃºn las categorÃ­as siguientes: Comida: 3.5; Servicio: 4; Calidad/precio: 4...', 'Buena barra de pintxos cuidada selecciÃ³n de vinos y cervezas en un local con encanto y en el que ademÃ¡s disfrutarÃ¡s de una carta original y sabrosa.', 'Buena barra de pintxos selecciÃ³n de vinos y cervezas tablas picoteo y una carta original y sabrosa ademÃ¡s de menÃº del dÃ­a y plato express...']"
Bar Jaime,,821,"4,5",10-20â‚¬,Tiene terrazaÂ· Sirve buenos cÃ³ctelesÂ· Se sirve comida en el bar,"Gran VÃ­a de Don Diego LÃ³pez de Haro, 86, Abando, 48011 Bilbo, Bizkaia","{'viernes': ['7:15â€“1:30'], 'sÃ¡bado': ['7:15â€“1:30'], 'domingo': ['Cerrado'], 'lunes': ['7:15â€“1:30'], 'martes': ['7:15â€“1:30'], 'miÃ©rcoles': ['7:15â€“1:30'], 'jueves': ['7:15â€“1:30']}",944 42 24 92,"['Parada obligatoria si vas a Bilbao, si te pasas por la maÃ±ana podrÃ¡s degustar una selecciÃ³n de pintxos de muy buen gusto y si eres fan de la tortilla no te â€¦â€¦MÃ¡s', 'Sitio especializado en cafÃ©, pintxos, y copas. La tortilla de patata es de las mejores de Bilbao. Tiene terraza fuera. El interior es pequeÃ±o pero acogedor.â€¦MÃ¡s', 'Los camareros un encanto, ademÃ¡s tienen unos pintxo espectaculares.. No he tenido todavÃ­a la oportunidad de probar la comida pero estoy segura que me va aâ€¦MÃ¡s']","['El restaurante Cafe & Bar Jaime estÃ¡ puntuado por los viajeros de Tripadvisor segÃºn las categorÃ­as siguientes: Comida: 5; Servicio: 4.5; Calidad/precio: 4.5...', 'COCKTAILS Â· Vermut de la casa. 350 â‚¬ Â· Aperol Spritz. 400 â‚¬ Â· Negroni Sbagliato. 500 â‚¬ Â· Campari Orange Passioni. 600 â‚¬ Â· Bloody Mary. 600 â‚¬ Â· Dry Martini.', 'Sitio tranquilo agradable con buen servicio y buena atenciÃ³n. Buen local para parar a tomar algo sin prisas o para un buen desayuno a precio razonable. Leer...']"
La Kedada Bilbao,Bar restaurante de un hotel moderno y de paredes blancas que sirve pinchos espaÃ±oles reposterÃ­a y cÃ³cteles.,54,"4,0",,Tiene terrazaÂ· Tiene comedor privadoÂ· Tiene Wi-Fi,"RodrÃ­guez Arias K., 66, Bajo, Abando, 48013 Bilbao, Biscay","{'sÃ¡bado': ['19:00â€“23:00'], 'domingo': ['19:00â€“23:00'], 'lunes': ['19:00â€“23:00'], 'martes': ['19:00â€“23:00'], 'miÃ©rcoles': ['19:00â€“23:00'], 'jueves': ['19:00â€“23:00'], 'viernes': ['19:00â€“23:00']}",944 41 31 00,"['La comida esta rica lo que pasa que algunos platos no se corresponden con la carta(pone focaccia pollo bacon queso y tiene aceitunas negras x ejemplo,pedÃ­â€¦MÃ¡s', 'Es la bar del hotel. Es un local muy agradable, los camareros muy profesionales y atentos. El cafÃ© lo hacen muy rico y los pintxos estÃ¡n bien. Para mi es un sitio perfectos para quedar con clientes.', 'Buen ambiente y buen local, almorzamos y desayunamos, pero es flojito como cafeterÃ­a de un hotel de 3* y caro para el producto que ofrece.â€¦MÃ¡s']","['El restaurante Bar Restaurante La Kedada estÃ¡ puntuado por los viajeros de Tripadvisor segÃºn las categorÃ­as siguientes: Comida: 4.5; Servicio: 4.5; Calidad/...', 'Bar y restaurante de vanguardia con ubicaciÃ³n privilegiada en el centro de Bilbao. #lakedada #ilunionbilbao Â· Photo by La Kedada Bilbao on December 22 2021.', 'La Kedada Bilbao Bilbao. 387 Me gusta Â· 34 personas han estado aquÃ­. LAKEDADA  cocina de vanguardia con una ubicaciÃ³n privilegiada en el centro de...']"
Pub El Alambique,,12000,"4,3",1-10â‚¬,Tiene terrazaÂ· Sirve buenos cÃ³ctelesÂ· No se aceptan reservas,"Urkixo Zumarkalea, 37, Abando, 48010 Bilbo, Bizkaia","{'viernes': ['8:00â€“2:30'], 'sÃ¡bado': ['11:00â€“2:30'], 'domingo': ['12:00â€“24:00'], 'lunes': ['8:00â€“23:00'], 'martes': ['8:00â€“23:00'], 'miÃ©rcoles': ['8:00â€“24:00'], 'jueves': ['8:00â€“1:30']}",944 43 41 88,"['Buen sitio! Pero por favor!! Poner Jagger jeje .\nLa camarera era muy simpÃ¡tica y agradable, pese a que no habÃ­a nada de lo que pedÃ­a, lo transforma todo en una sonâ€¦MÃ¡s', 'Un bonito establecimiento donde relajarse con una bebida. Ambiente muy acogedor debido a los sofÃ¡s mullidos con los que estÃ¡ decorado. Muy buen cafÃ©. La chica que estaba al â€¦MÃ¡s', 'Un lugar estupendo y tranquilo donde tomar una copa bien preparada y servida por un personal maravillosoâ€¦MÃ¡s']","['Bar agradable para pasar un buen rato con amig@s. Trato exquisito de la plantilla. Recomendable 100x100. Copas de calidad y mÃºsica buena.', '#alambique #alambiquebilbao #bar #barbilbao #ocio #ocioseguro #tardeo #terraza #bilbaocity #sabado', 'ALAMBIQUE. Alameda Urquijo 37 48010 Bilbao + 34 944 434 188. Parada de metro: Indautxu. Si lo que buscas es un bar animado acertarÃ¡s si vas al Alambique.']"
San Marcos B&K,Desayuno tapas platos tÃ­picos espaÃ±oles cÃ³cteles y vino en un bar sencillo e icÃ³nico.,292,"4,6",10-20â‚¬,Tiene terraza,"Alameda de Recalde, 47A, Abando, 48010 Bilbao, Biscay","{'sÃ¡bado': ['12:30â€“24:00'], 'domingo': ['Cerrado'], 'lunes': ['7:45â€“22:30'], 'martes': ['7:45â€“22:30'], 'miÃ©rcoles': ['7:45â€“22:30'], 'jueves': ['7:45â€“22:30'], 'viernes': ['7:45â€“24:00']}",944 21 79 64,"['Suelo ir a menudo, un sitio pequeÃ±o pero elegante y acogedor. Cuando no sepas dÃ³nde ir a comer, esta es una gran opciÃ³n. El personal encantador, educado, amableâ€¦MÃ¡s', 'Excelente restaurante en el centro de Bilbao. De casualidad habÃ­a aparcado el coche en frente de este lugar y decidÃ­ probar el menÃº del dÃ­a. Tanto la comidaâ€¦MÃ¡s', 'Local agradable en el que uno se siente a gusto, personal amable y servicial y buena calidad de la comida que sirven. El menÃº del dÃ­a estÃ¡ muy bien y su relaciÃ³n calidad/precio excelente.â€¦MÃ¡s']","['En el centro de Bilbao San Marcos Bar & Kitchen abre sus puertas conservando el nombre y la esencia fa000iar. Un nombre cargado de significado y que tan...', 'San Marcos Bilbao Bilbao. 296 Me gusta Â· 60 personas han estado aquÃ­. Desayunos menÃº del dÃ­a y raciones junto a la AlhÃ³ndiga Bilbao; con gran selecciÃ³n...', 'UbicaciÃ³n y contacto. Alameda Recalde 47 48010 Bilbao EspaÃ±a. Abando.']"
"Bar-Restaurante ""La Roca""",,11000,"4,2",20-30â‚¬,Ideal para ver deportesÂ· Sillas altas disponiblesÂ· Se admiten perros,"Archivo HistÃ³rico Provincial, Ercilla Kalea, 1, Abando, 48009 Bilbao, Biscay","{'sÃ¡bado': ['12:00â€“24:00'], 'domingo': ['Cerrado'], 'lunes': ['7:30â€“22:00'], 'martes': ['7:30â€“22:00'], 'miÃ©rcoles': ['7:30â€“22:00'], 'jueves': ['7:30â€“22:00'], 'viernes': ['7:30â€“24:00']}",944 25 50 09,"['No suelo poner reseÃ±as, pero esta vez, lo merece Â¡Y mucho! Viajamos con perro y fuÃ© uno mÃ¡s des del primer momento. Nos dejaron entrar con Ã©l en el interior yâ€¦MÃ¡s', 'Un lugar magnÃ­fico de principio a fin, buscÃ¡bamos un sitio para comer y poder estar con nuestro perro, no sÃ³lo nos han permitido comer allÃ­, sino que ademÃ¡s nosâ€¦MÃ¡s', 'Un restaurante maravilloso. Lo encontramos por casualidad y a pesar de ser fechas navideÃ±as, nos hicieron un hueco y nos atendieron con mucho gusto. La comidaâ€¦MÃ¡s']","['... cafÃ© baristas cerveza metodologÃ­a de tiraje vino su000lerÃ­a ... Â© Restaurante La Roca Bilbao â€¢ Ercilla Kalea 1 48009 Bilbo Bizkaia â€¢ Tel...', '169 opiniones#175 de 987 restaurantes en Bilbaoâ‚¬â‚¬ - â‚¬â‚¬â‚¬BarMediterrÃ¡neaEuropea ... AtmÃ³sfera: 4. LA ROCA Bilbao - Abando - MenÃº Precios y Restaurante Opiniones -...', 'La Roca Bilbao Â· Menu Â· El CafÃ© Â· Nuestros Vinos Â· Nuestros Pintxos Â· La Cerveza. Menu. El Menu. Â© Restaurante La Roca Bilbao â€¢ Ercilla Kalea 1 48009 Bilbo...']"
Cafe Bar Las Torres,Desayunos pinchos comida rÃ¡pida y copas en un acogedor salÃ³n vintage con barra de madera y suelo de mosaico.,843,"4,3",1-10â‚¬,,"SimÃ³n BolÃ­var Kalea, 27, Abando, 48013 Bilbo, Bizkaia","{'sÃ¡bado': ['9:00â€“24:00'], 'domingo': ['Cerrado'], 'lunes': ['8:00â€“22:30'], 'martes': ['8:00â€“22:30'], 'miÃ©rcoles': ['8:00â€“22:30'], 'jueves': ['8:00â€“23:00'], 'viernes': ['8:00â€“24:00']}",944 41 89 82,"['Este restaurante bar es simplemente excepcional. Ofrecen una amplia variedad de platos, desde hamburguesas hasta bocadillos y sandwiches, pero lo que realmenteâ€¦MÃ¡s', 'Muy serviciales y atentos. La relaciÃ³n calidad precio muy buena. Cocina tradicional pero bien preparada.â€¦MÃ¡s', 'Nos atendiÃ³ un chico que se llama Alberto. MÃ¡s majo no puede ser. Buen producto. Y buen servicio. Recomendable para los de Bilbao y turistas.....â€¦MÃ¡s']","['Disfruta de nuestras famosas tortillas y hamburguesas. Especialidad en pinchos fritos raciones ensaladas sandwiches y bocadillos. TambiÃ©n para llevar.', 'Cafe Bar Las Torres Â· Puntuaciones y opiniones Â· Detalles Â· UbicaciÃ³n y contacto. Calle de Simon Bolivar 27 Bilbao EspaÃ±a.', 'Es un bar sÃºper acogedor con una barra muy completa y pintxos galardonados con diferentes premios. A destacar las tortillas sÃ¡ndwich y croquetas. El cafÃ© muy...']"
Shock Bilbao,Bar animado con shisha que sirve aperitivos de cocina internacional hamburguesas y postres.,293,"3,6",1-10â‚¬,Tiene terraza,"Urkixo Zumarkalea, 80, Abando, 48013 Bilbo, Bizkaia","{'sÃ¡bado': ['11:00â€“2:30'], 'domingo': ['11:00â€“23:00'], 'lunes': ['8:00â€“23:00'], 'martes': ['8:00â€“23:00'], 'miÃ©rcoles': ['8:00â€“23:00'], 'jueves': ['8:00â€“24:00'], 'viernes': ['8:00â€“0:30']}",679 19 42 53,"['PÃ©sima atenciÃ³n de la camarera que habÃ­a hoy por la noche (7 enero 2024)\nPoca educaciÃ³n y pocas ganas de trabajar.â€¦MÃ¡s', 'Atencion pauperrima de un camarero clavo.Ni mirarme a la cara y de malos modos.\nMe puso el cafe como el quiso no como le pedi yo y mâ€¦MÃ¡s', 'El local estÃ¡ genial, unas pantallas enormes para ver fÃºtbol, una decoraciÃ³n muy cuidada y pintxos decentes.â€¦MÃ¡s']","['Bienvenid@s a Shock Bilbao un concepto de ocio y restauraciÃ³n innovador. AquÃ­ encontrarÃ¡s una amplia oferta de gastronomÃ­a combinados preparados y una...', 'Somos un concepto de ocio y restauraciÃ³n innovador. Amplia oferta de gastronomÃ­a combinados y mÃºsica que te sorprenderÃ¡n. Reservas: 679 19 42 53 Â· Alameda...', 'Shock Bilbao Bilbao. 690 Me gusta Â· 5 personas estÃ¡n hablando de esto Â· 116 personas han estado aquÃ­. Food drinks & music. El nuevo local de vanguardia...']"
Covent Garden,,26000,"4,1",1-10â‚¬,Tiene terrazaÂ· Sirve buenos cÃ³ctelesÂ· Se puede bailar,"Areiltza Doktorearen Zumarkalea, 28, Abando, 48009 Bilbo, Bizkaia","{'viernes': ['8:30â€“3:00'], 'sÃ¡bado': ['10:00â€“3:00'], 'domingo': ['11:00â€“23:00'], 'lunes': ['8:30â€“24:00'], 'martes': ['8:30â€“24:00'], 'miÃ©rcoles': ['8:30â€“24:00'], 'jueves': ['8:30â€“1:00']}",944 66 75 49,"['La comida estaba rica y el servicio bastante bien. Nosotros hemos pedido el menÃº (pisto y ensalada de bacalao de primero y de segundo albÃ³ndigas con salsa deâ€¦MÃ¡s', 'Excelente servicio...sobre todo de uno de sus empleados, Santi, que personaliza la atenciÃ³n !!muy recomendable', 'Lugar perfecto para pasar un rato agradable con buena mÃºsica, buenos pintxos, camareros muy majos y un sitio muy acogedor gracias a su decoraciÃ³n. Cenamos porâ€¦MÃ¡s']","['El restaurante Covent Garden Bilbao estÃ¡ puntuado por los viajeros de Tripadvisor segÃºn las categorÃ­as siguientes: Comida: 3.5; Servicio: 3; Calidad/precio: 3.5...', 'El ambiente el sonido y el sabor de Inglaterra en Bilbao Web â¬‡ï¸â¬‡ï¸ Breakfast & Brunchs Teas & Coffees Food & Beer Drinks & Music Fun & Sports.']"
Livan Nicaragua Bar Restaurante,,364,"4,6",10-20â‚¬,Tiene terrazaÂ· Se sirven platos vegetarianosÂ· Tiene Wi-Fi,"Basurtu Kastrexana Errepidea, 9, Basurtu-Zorrotza, 48002 Bilbo, Bizkaia","{'viernes': ['12:00â€“2:30'], 'sÃ¡bado': ['12:00â€“2:30'], 'domingo': ['12:00â€“1:00'], 'lunes': ['Cerrado'], 'martes': ['12:00â€“1:00'], 'miÃ©rcoles': ['12:00â€“1:00'], 'jueves': ['12:00â€“1:00']}",688 73 42 65,"['Excelente servicio, se nos atendio muy bien, local limpio y agradable, comida deliciosa! calidad precioâ€¦MÃ¡s', 'Todo 10/10 recomendado un buen servicio por parte de la camarera y el camarero ğŸ‡³ğŸ‡®â¤ï¸la comida muy buena precio calidad van de la mano y un ambiente animadoâ€¦MÃ¡s', 'Un lugar muy agradable y se come bien rico y la atenciÃ³n sÃºper genial ğŸ¤—ğŸ‘Œlo mÃ¡s cerca de sentirse en casaâ€¦MÃ¡s']","['Ofrecemos exquisitos platillos tÃ­picos #NicaragÃ¼ense ""Un rinconcito de Nicaragua en #Bilbao"" â¤ï¸ Somos un Bar #Diacachimba en donde la pasaras .', 'Restaurante Livan Nicaragua. Centroamericana Otros tipos. 0 estrellas sobre 5. 1 opiniones. Basurtu Kastrexana Errepidea 9 Bilbao 48002.', 'Restaurante Livan Nicaragua. Centroamericana Otros tipos. 0 estrellas sobre 5. 1 opiniones. Basurtu Kastrexana Errepidea 9 Bilbao 48002.']"
Bar Restaurante Udala Bilbao,,73,"4,3",10-20â‚¬,,"Errekakoetxe Kalea, 2, Abando, 48010 Bilbo, Bizkaia","{'sÃ¡bado': ['8:00â€“17:00'], 'domingo': ['Cerrado'], 'lunes': ['8:00â€“17:00'], 'martes': ['8:00â€“17:00'], 'miÃ©rcoles': ['8:00â€“17:00'], 'jueves': ['8:00â€“17:00'], 'viernes': ['8:00â€“17:00']}",944 21 01 82,"['Miguel y Loli es increÃ­ble lo bien q se come y lo bien q tratan y a un precio impresionanteâ€¦MÃ¡s', 'Comida casera de verdad! el sitio perfecto para un menÃº del dÃ­a...si estÃ¡s por ahÃ­ y quieres comer comida tradicional a buen precio... es el sitio! Sin florituras pero rico.â€¦MÃ¡s', 'Si quieren disfrutar de comida calidad casera, vayan, no se van a arrepentir. Y precio econÃ³mico 27â‚¬ total para 2 personas (2 platos, postre, pan, bebida y cortaditos). Y el servicioâ€¦MÃ¡s']","['El restaurante Bar Restaurante Udala estÃ¡ puntuado por los viajeros de Tripadvisor segÃºn las categorÃ­as siguientes: Comida: 4.5; Servicio: 4.5; Calidad/precio:...', 'Consigue las mejores ofertas para Bar Restaurante Udala en Bilbao y conoce la nota y posiciÃ³n en el ranking de GastroRanking.', '16 ene 2024 â€” Bar Restaurante Udala Bilbao n.Âº 1220 entre los restaurantes de Bilbao: 82 opiniones y 21 fotos detalladas. LocalÃ­zalo en el mapa y llama...']"
Dike 1 - Cocktail Bar & Restaurante,,364,"4,2",10-20â‚¬,Tiene terrazaÂ· Sirve buenos cÃ³ctelesÂ· Tiene mÃºsica en directo,"Dique Kalea, 1, Basurtu-Zorrotza, 48013 Bilbo, Bizkaia",{},944 41 88 88,"['Es un sitio muy chulo, con terraza cerrada y otra parte abierta. EstÃ¡ muy oscuro dentro hasta por la tarde entre semana. Sorprende la de gente muy muy joven queâ€¦MÃ¡s', 'Terraza de lo mÃ¡s agradable junto a la RÃ­a en Olabeaga. Hoy que hacÃ­a 20 grados, se estaba sÃºper a gusto tomando algo y disfrutando de las vistas. Precios de terraza (3,5â‚¬ la caÃ±a).â€¦MÃ¡s', 'Buen lugar para tomar un combinado o un cÃ³ctel por la tarde, lugar bien ambientado y tranquilo durante las tardes y hasta el anochecer, que cambia el ambiente a algo mÃ¡s movido y juâ€¦MÃ¡s']","['Fiestas privadas. Con unas vistas privilegiadas a la RÃ­a de Bilbao dispone de un amplio espacio tanto interior como exterior. Ofreciendo experiencias...', 'Bar & Restaurante. Enlaces. COCKTAILS Â· CARTA Â· VINOS & CHAMPAGNES Â· SHISHAS Â· MENÃšS Â· RESERVAR. DirecciÃ³n. C/ Dike 1 48013 - Bilbao. Tel: 944 41 88 88. Correo...', 'No hay disponibilidad en el restaurante Dike 1 - Cocktail Bar & Restaurante para ... C/ Dike 1 48013 - Bilbao. Tel: 944 41 88 88. Correo: dike1@dike1.com.']"
La taberna de Zarate,,915,"4,2",1-10â‚¬,Tiene terrazaÂ· Tiene Wi-FiÂ· Sillas altas disponibles,"FernÃ¡ndez del Campo K., 35, Abando, 48010 Bilbo, Bizkaia","{'sÃ¡bado': ['10:00â€“24:00'], 'domingo': ['11:00â€“23:30'], 'lunes': ['Cerrado'], 'martes': ['10:00â€“23:30'], 'miÃ©rcoles': ['10:00â€“23:30'], 'jueves': ['10:00â€“23:30'], 'viernes': ['10:00â€“24:00']}",946 07 31 09,"['Fuimos un grupo de 11 personas a cenar y nos diÃ³ da la impresiÃ³n de que este establecimiento comienza a morir de Ã©xito. Porque nos sirvieron una tortilla â€¦â€¦MÃ¡s', 'Dudaba en poner este comentario, pero despuÃ©s de leer todas las quejas del personal... no me ha extraÃ±ado nada lo que me ha sucedido. Pido un zurito y un pinchoâ€¦MÃ¡s', 'Sin duda una de las mejores tortillas de Bilbao. La picante, con alegrÃ­as, es un vicio. Punto de cuajado perfecto, buen punto de sal y riquÃ­sima.â€¦MÃ¡s']","['La taberna de Zarate Â· Cocina abierta todo el dÃ­a. Reservas Ãºnicamente al telÃ©fono 946073109...', 'La Taberna de Zarate Â· Puntuaciones y opiniones Â· Detalles Â· UbicaciÃ³n y contacto. FernÃ¡ndez del Campo Kalea 35 48010 Bilbao...', 'Horarios Cerrado ahora Â· Martes de 10:00 a 23:30 Â· MiÃ©rcoles de 10:00 a 23:30 Â· Jueves de 10:00 a 23:30 Â· Viernes de 10:00 a 00:00 Â· SÃ¡bado de 10:00 a 00:00...']"
Bar La Rueda de Bilbao -basque food-,,155,"4,3",1-10â‚¬,,"Pablo de Alzola Kalea, 3, Basurtu-Zorrotza, 48012 Bilbo, Bizkaia","{'sÃ¡bado': ['9:00â€“24:00'], 'domingo': ['10:00â€“23:00'], 'lunes': ['7:30â€“23:00'], 'martes': ['7:30â€“23:00'], 'miÃ©rcoles': ['7:30â€“23:00'], 'jueves': ['7:30â€“24:00'], 'viernes': ['7:30â€“24:00', 'Actualizado por esta empresa hace 2 semanas']}",631 40 56 34,"['El mejor lugar para pasar el rato y disfrutar de unos excelentes pintxos, todo el personal es maravilloso y brindan una atenciÃ³n de 10! 100% recomendado!â€¦MÃ¡s', '100% recomendable. Pintxos, raciones y cazuelitas muy buenas a buen precio. Buen sitio para tomar algo y comer en muy buen ambiente. El trato muy amable y crecano ğŸ‘ğŸ‘', 'Local agradable,buen cafe y ricos pintxos, ademas de un trato super amable del camareroâ€¦MÃ¡s']","['Ve 3 fotos de 51 visitantes sobre bueno para ocasiones especiales y pintxos. ""Muy buena barra de pintxos y buenas copas preparadas""', 'Restaurants near Bodegas Ramon Bilbao Â· Casa Lola Â· Palacio De Bornos Â· El Cano De La Vega Â· La vina de Rueda Â· Restaurant Abrasador El Astral Â· El Horno De La Vina...', 'Bar con decoraciÃ³n muy original y terraza en zona peatonal. No atienden en terraza en verano. Las copas normales las preparan bien pero cuestan 75â‚¬ u 8â‚¬...el...']"
METTXA RESTAURANTE,,560,"4,3",10-20â‚¬,Tiene terrazaÂ· Sirve buenos cÃ³ctelesÂ· Se sirven platos veganos,"SimÃ³n BolÃ­var Kalea, 17, Abando, 48010 Bilbo, Bizkaia",{},946 43 31 73,"['Entramos a comer y nos atendieron rÃ¡pido, en el primer plato casi nos lo retiran sin acabar, tuvimos que decirle que no habiamos acabado.â€¦MÃ¡s', 'Buen menÃº del dÃ­a. Platos muy generosos. Buena presentaciÃ³n. Y buena calidad. Y la atenciÃ³n de 10. Volâ€¦MÃ¡s', 'Lo conocia de otra visita a Bilbao.\nDisfrute de sus pintxos y esta vez degustamos el restaurante.â€¦MÃ¡s']","['Ofrece un espacio acogedor Ã­ntimo y Ãºnico en Bilbao que presenta una cocina autÃ©ntica que mezcla tradiciÃ³n con toques creativos.', 'Muy buena comida y buena mÃºsica de ambiente. Menu variado y de excelente calidad desde los primeros al postre. Rapidez en servir y muy atentos a todo. Es...', 'Un espacio tranquilo donde disfrutar de la mejor cocina de tendencia y los mejores vinos. Calle Simon Bolivar 17 Bilbao Spain 48010. www.mettxa.com.']"
Bar Roma cafeteria,,589,"4,5",1-10â‚¬,,"Etxaniz Suhiltzailearen Plaza, s/n, Abando, 48010 Bilbo, Bizkaia","{'sÃ¡bado': ['Cerrado'], 'domingo': ['9:00â€“15:00'], 'lunes': ['7:15â€“22:00'], 'martes': ['7:15â€“22:00'], 'miÃ©rcoles': ['7:15â€“22:00'], 'jueves': ['7:15â€“22:00'], 'viernes': ['7:15â€“22:00']}",944 21 31 77,"['Camarero muy amable, comida excelente y precio muy razonable, sin duda para repetir!!â€¦MÃ¡s', 'Local acogedor aunque algo incomodo y estrecho en el paso entre la barra y las mesitas para tomar algo. Camarero correcto tras la barra, con servicio atento y â€¦â€¦MÃ¡s', 'El cafÃ© esta bueno.\nLa tortilla aceptable.â€¦MÃ¡s']","['El restaurante Bar Roma estÃ¡ puntuado por los viajeros de Tripadvisor segÃºn las categorÃ­as siguientes: Comida: 5; Servicio: 5; Calidad/precio: 4.5; AtmÃ³sfera:...', 'Para mÃ­ los mejores pinchos de Bilbao. Un servicio excelente y una amabilidad y trato impecable. Precio normal. Seguro que volverÃ©. Jacqueline B. Small is...', 'Bar Roma es un lugar de encuentro donde puedes degustar unos exquisitos pinchos una variada seleccion de vinos y buen ambiente.']"
Swansea CafeterÃ­a Restaurante,,13000,"4,5",1-10â‚¬,,"RodrÃ­guez Arias K., 70, Abando, 48013 Bilbo, Bizkaia","{'sÃ¡bado': ['6:00â€“1:00'], 'domingo': ['Cerrado'], 'lunes': ['6:00â€“24:00'], 'martes': ['6:00â€“24:00'], 'miÃ©rcoles': ['6:00â€“24:00'], 'jueves': ['6:00â€“24:00'], 'viernes': ['6:00â€“24:00']}",946 43 37 48,"['El local desde la calle se ve bien, estÃ¡ muy iluminado. Por dentro es acogedor. Hay sofÃ¡s para sentarse y butacas suficientes en la barra. En el exterior tienenâ€¦MÃ¡s', 'Mucha gente, sinÃ³nimo de desayunos de calidad. Personal muy agradable y trato cercano. 3,5 desayuno de pintxo de tortilla y cafÃ©. Tortillas de mucha calidad, aunque cuenta con saâ€¦MÃ¡s', 'Una de las mejores cafeterÃ­as en Bilbao. Todo el personal super amable... en especial Winston, que nos tuvo mucha pero mucha paciencia. Muchas gracias por todo chicos. En nuestraâ€¦MÃ¡s']","['Cafeteria Swansea Â· Calle de Rodriguez Arias 70 Calle de Rodriguez Arias casi esquina Sabino Arana 48013 Bilbao EspaÃ±a Â· PÃ¡gina web Â· Mejora este perfil.', 'CafeterÃ­a Swansea Bilbao Spain. 537 likes Â· 102 were here. CafeterÃ­a Swansea ofrece una gran variedad de pintxos tambien se dan comidas y cenas!!', 'Cafeteria Swansea: Bar Swansea - 148 opiniones y 70 fotos de viajeros y ofertas fantÃ¡sticas para Bilbao EspaÃ±a en Tripadvisor.']"
Bar La Taberna Basurto,,284,"4,4",10-20â‚¬,Tiene terraza,"Iturribarria Kalea, 6, Basurtu-Zorrotza, 48002 Bilbo, Bizkaia","{'sÃ¡bado': ['10:00â€“22:00'], 'domingo': ['10:00â€“22:00'], 'lunes': ['8:00â€“22:00'], 'martes': ['8:00â€“22:00'], 'miÃ©rcoles': ['8:00â€“22:00'], 'jueves': ['8:00â€“22:00'], 'viernes': ['8:00â€“23:30', 'Confirmado por esta empresa hace 8 semanas']}",944 00 42 88,"['Hemos probado muchas de las raciones y bocadillos de la carta. Calidad-precio muy bueno, raciones generosas en general. La chica joven que nos atendiÃ³ fue super amable y atenta,â€¦MÃ¡s', 'Comida casera. MenÃº del dÃ­a relaciÃ³n calidad-precio insuperable. Me pedÃ­ una crema de verduras, churrasco y tarta de galletas y chocolate. Todo espectacularmente rico. La camareâ€¦MÃ¡s', 'Da gusto encontrar sitios como la taberna de Basurto, hamburguesas de elaboraciÃ³n propia con un pan perfecto, un plato contundente casero.â€¦MÃ¡s']","['UbicaciÃ³n y contacto. Iturribarria Kalea 6 Calle Peatonal 48002 Bilbao EspaÃ±a.', ""Un bar 'normal' reconvertido en templo de las hamburguesas. Bajo la apariencia de un bar 'normal' se esconde la mejor hamburguesa ibÃ©rica de todo Bilbao o sea..."", '25 may 2020 â€” Tortillas y calamares en la Taberna Basurto. Lectores recomiendan este bar de Bilbao Iturribarria 6.']"
Las Segovias,,134,"4,4",10-20â‚¬,,"MarÃ­a DÃ­az Haroko K., 38, Abando, 48010 Bilbo, Bizkaia","{'viernes': ['12:30â€“2:30'], 'sÃ¡bado': ['12:30â€“2:30'], 'domingo': ['12:30â€“23:00'], 'lunes': ['13:00â€“22:30'], 'martes': ['Cerrado'], 'miÃ©rcoles': ['12:30â€“22:30'], 'jueves': ['13:00â€“24:00']}",686 42 33 88,"['Hemos ido por primera vez a probar comida nicaragÃ¼ense y nos ha encantado. El servicio muy bueno, la chica que nos atendiÃ³ nos explico todo al detalle y nosâ€¦MÃ¡s', 'Hemos comido aquÃ­ por primera vez y nos ha dejado con muchas ganas de volver. La comida era abundante y con mucho sabor, productos de calidad y presentaciÃ³nâ€¦MÃ¡s', 'Comida NicaragÃ¼ense con gran sabor. Nos encanta probar cosas nuevas y que nos recomiende el camarero ( que es encantador) lo que considere. Los mejores jugosâ€¦MÃ¡s']","['Nuestros platillos de Navidades y Fin de AÃ±o muchisimas gracias por su preferencia. Somos #LasSegovias #mariadiazdeharo38 #indautxu â˜ï¸ 686 423 388 ... Bar Las...', '26 ene 2024 â€” Las Segovias n.Âº 580 entre los pubs y bares de Bilbao: 147 opiniones y 28 fotos detalladas. LocalÃ­zalo en el mapa y llama para reservar...', 'Consigue las mejores ofertas para Las Segovias en Bilbao y conoce la nota y posiciÃ³n en el ranking de GastroRanking.']"
CafeterÃ­a Restaurante Gredos,Un capote y fotos taurinas ambientan un cafÃ©-restaurante de cocina espaÃ±ola con cazuelitas pinchos y terraza.,463,"4,3",1-10â‚¬,Tiene terrazaÂ· Sirve buenos cÃ³cteles,"Urkixo Zumarkalea, 50, Abando, 48011 Bilbo, Bizkaia","{'sÃ¡bado': ['9:00â€“23:00'], 'domingo': ['Cerrado'], 'lunes': ['7:30â€“22:30'], 'martes': ['7:30â€“22:30'], 'miÃ©rcoles': ['7:30â€“22:30'], 'jueves': ['7:30â€“22:30'], 'viernes': ['7:30â€“22:30']}",944 21 18 45,"['Soy cliente habitual y vivo en la zona. CafÃ© rico y bien hecho, las tortillas buenas, los pinchos clÃ¡sicos pero bien y buena selecciÃ³n de vinos. Si quieres un â€¦â€¦MÃ¡s', 'La calidad de la comida, y la amabilidad de todo el personal, hace totalmente recomendable este restaurante. Â¡Â¡Enhorabuena!!â€¦MÃ¡s', 'tratar esquisito y unas alubias con sacramentos de 10!']","['MenÃº diario desayunos y elaboraciones caseras. Restaurante Gredos. Alameda Urquijo 50 Bilbao.', 'MenÃº 1. de Lunes a Viernes. Entrantes para compartir. Ensalada templada de ventresca y piquillos. Setas a la plancha con IbÃ©ricos. Segundos.', 'Restaurante Gredos Â· Alameda de Urquijo 50 48011 Bilbao EspaÃ±a Â· PÃ¡gina web Â· Mejora este perfil.']"
Bar Bodega Cb,,196,"3,9",1-10â‚¬,Tiene terrazaÂ· No se aceptan reservasÂ· Se sirve comida en el bar,"Poza Lizentziatuaren Kalea, 64 Bj, Basurtu-Zorrotza, 48013 Bilbo, Bizkaia","{'sÃ¡bado': ['9:00â€“15:00'], 'domingo': ['Cerrado'], 'lunes': ['7:30â€“22:00'], 'martes': ['7:30â€“22:00'], 'miÃ©rcoles': ['7:30â€“22:00'], 'jueves': ['7:30â€“22:00'], 'viernes': ['7:30â€“22:00']}",944 41 96 88,"['La mala educaciÃ³n y la prepotencia del camarero de este bar son dignas de estudio. Es increÃ­ble. Todas las veces que he estado ha demostrado esa actitud, que alâ€¦MÃ¡s', 'El camarero es un desagradable. He estado varias veces, y todas ellas contesta mal, asÃ­ que no es cosa de un dÃ­a. Lo mismo llama vieja a una seÃ±ora que estÃ¡ enâ€¦MÃ¡s', 'IncreÃ­ble el mal trato que ha tenido el camarero, no sÃ© como puede haber gente asÃ­ cara al pÃºblico. LAMENTABLE !!â€¦MÃ¡s']","['20 feb 2024 â€” Bar Bodega Cb n.Âº 46 entre los pubs y bares de Bilbao: 193 opiniones y 37 fotos detalladas. LocalÃ­zalo en el mapa y llama para reservar...', 'Es un bar bien situado con una terraza cÃ³moda y espaciosa. El cafÃ© es de los mejores que he probado y los pintxos variados y riquÃ­simos; sobre todo...', 'BAR BODEGA C.B.. Licenciado Poza 64. 48013 Bilbao VIZCAYA. Tel. 944422779. CategorÃ­as relacionadas. Bares.']"
